Year;Country_Name;Nbr_Cars;Nbr_Commercial_Vehicle;Total;Percent_Change;Continent
2000-01-01;Argentina;238921;100711;339632;11.4%;South America
2000-01-01;Australia;323649;23473;347122;14.6%;Oceania
2000-01-01;Austria;115979;25047;141026;1.2%;Europe
2000-01-01;Belgium;912233;121061;1033294;1.6%;Europe
2000-01-01;Brazil;1351998;329519;1681517;24.5%;South America
2000-01-01;Canada;1550500;1411136;2961636;-3.2%;North America
2000-01-01;China;604677;1464392;2069069;13.1%;Asia
2000-01-01;Czechia;428224;27268;455492;21.1%;Europe
2000-01-01;Egypt;39616;20149;59765;-21.4%;Africa
2000-01-01;Finland;38468;458;38926;13.2%;Europe
2000-01-01;France;2879810;468551;3348361;5.3%;Europe
2000-01-01;Germany;5131918;394697;5526615;-2.8%;Europe
2000-01-01;Hungary;134029;3369;137398;7.2%;Europe
2000-01-01;India;517957;283403;801360;-2.1%;Asia
2000-01-01;Indonesia;257058;35652;292710;228.9%;Asia
2000-01-01;Iran;274985;3000;277985;132.8%;Asia
2000-01-01;Italy;1422284;316031;1738315;2.2%;Europe
2000-01-01;Japan;8359434;1781362;10140796;2.5%;Asia
2000-01-01;Malaysia;280283;2547;282830;11.3%;Asia
2000-01-01;Mexico;1279089;656438;1935527;24.9%;North America
2000-01-01;Netherlands;215085;52234;267319;-13.0%;Europe
2000-01-01;Poland;481689;23283;504972;-12.2%;Europe
2000-01-01;Portugal;178509;68215;246724;-2.2%;Europe
2000-01-01;Romania;64181;13984;78165;-26.9%;Europe
2000-01-01;Russia;969235;236346;1205581;3.1%;Europe
2000-01-01;Serbia;11091;1649;12740;141.8%;Europe
2000-01-01;Slovakia;181333;450;181783;43.3%;Europe
2000-01-01;Slovenia;122949;0;122949;4.1%;Europe
2000-01-01;South africa;230577;126787;357364;12.6%;Africa
2000-01-01;South korea;2602008;512990;3114998;9.6%;Asia
2000-01-01;Spain;2366359;666515;3032874;6.3%;Europe
2000-01-01;Sweden;259959;41384;301343;20.2%;Europe
2000-01-01;Taiwan;263013;109600;372613;5.6%;Asia
2000-01-01;Thailand;97129;314592;411721;27.6%;Asia
2000-01-01;Turkey;297476;133471;430947;44.7%;Asia
2000-01-01;Ukraine;18124;13131;31255;63.0%;Europe
2000-01-01;United kingdom;1641452;172442;1813894;-8.1%;Europe
2000-01-01;Usa;5542217;7257640;12799857;-1.7%;North America
2000-01-01;Uzbekistan;32273;0;32273;-27.4%;Asia
2000-01-01;Others;127445;63204;190649;59.3%;Other
2001-01-01;Argentina;169580;65978;235558;-30.6%;South America
2001-01-01;Australia;285870;33505;319375;-8.0%;Oceania
2001-01-01;Austria;131098;24305;155403;10.2%;Europe
2001-01-01;Belgium;1058656;128601;1187257;14.9%;Europe
2001-01-01;Brazil;1501586;315651;1817237;8.1%;South America
2001-01-01;Canada;1274853;1257889;2532742;-14.5%;North America
2001-01-01;China;703521;1630919;2334440;12.8%;Asia
2001-01-01;Czechia;456927;8341;465268;2.1%;Europe
2001-01-01;Egypt;37006;19091;56097;-6.1%;Africa
2001-01-01;Finland;41916;404;42320;8.7%;Europe
2001-01-01;France;3181549;446869;3628418;8.4%;Europe
2001-01-01;Germany;5301189;390488;5691677;3.0%;Europe
2001-01-01;Hungary;140401;3912;144313;5.0%;Europe
2001-01-01;India;654557;160054;814611;1.7%;Asia
2001-01-01;Indonesia;32237;246950;279187;-4.6%;Asia
2001-01-01;Iran;316334;6882;323216;16.3%;Asia
2001-01-01;Italy;1271780;307916;1579696;-9.1%;Europe
2001-01-01;Japan;8117563;1659628;9777191;-3.6%;Asia
2001-01-01;Malaysia;344686;14099;358785;26.9%;Asia
2001-01-01;Mexico;1000715;840293;1841008;-4.9%;North America
2001-01-01;Netherlands;189261;49682;238943;-10.6%;Europe
2001-01-01;Poland;335996;11879;347875;-31.1%;Europe
2001-01-01;Portugal;177357;62362;239719;-2.8%;Europe
2001-01-01;Romania;56774;11987;68761;-12.0%;Europe
2001-01-01;Russia;1021682;229000;1250682;3.7%;Europe
2001-01-01;Serbia;7489;1490;8979;-29.5%;Europe
2001-01-01;Slovakia;181644;359;182003;0.1%;Europe
2001-01-01;Slovenia;116082;0;116082;-5.6%;Europe
2001-01-01;South africa;270538;136498;407036;13.9%;Africa
2001-01-01;South korea;2471444;474885;2946329;-5.4%;Asia
2001-01-01;Spain;2211172;638716;2849888;-6.0%;Europe
2001-01-01;Sweden;251035;38112;289147;-4.0%;Europe
2001-01-01;Taiwan;195109;76595;271704;-27.1%;Asia
2001-01-01;Thailand;156066;303352;459418;11.6%;Asia
2001-01-01;Turkey;175343;95342;270685;-37.2%;Asia
2001-01-01;Ukraine;24995;6829;31824;1.8%;Europe
2001-01-01;United kingdom;1492365;192873;1685238;-7.1%;Europe
2001-01-01;Usa;4879119;6545570;11424689;-10.7%;North America
2001-01-01;Uzbekistan;32425;8580;41005;27.1%;Asia
2001-01-01;Others;121532;52617;174149;-8.7%;Other
2002-01-01;Argentina;111340;48061;159401;-32.3%;South America
2002-01-01;Australia;306876;36996;343872;7.7%;Oceania
2002-01-01;Austria;132768;19851;152619;-1.8%;Europe
2002-01-01;Belgium;936903;120286;1057189;-11.0%;Europe
2002-01-01;Brazil;1520285;271245;1791530;-1.4%;South America
2002-01-01;Canada;1369042;1260395;2629437;3.8%;North America
2002-01-01;China;1101696;2185108;3286804;40.8%;Asia
2002-01-01;Czechia;441312;5776;447088;-3.9%;Europe
2002-01-01;Egypt;27422;17751;45173;-19.5%;Africa
2002-01-01;Finland;41068;393;41461;-2.0%;Europe
2002-01-01;France;3292797;309073;3601870;-0.7%;Europe
2002-01-01;Germany;5123238;346071;5469309;-3.9%;Europe
2002-01-01;Hungary;138239;3274;141513;-1.9%;Europe
2002-01-01;India;703948;190848;894796;9.8%;Asia
2002-01-01;Indonesia;193492;105765;299257;7.2%;Asia
2002-01-01;Iran;439116;12959;452075;39.9%;Asia
2002-01-01;Italy;1125769;301312;1427081;-9.7%;Europe
2002-01-01;Japan;8618354;1638961;10257315;4.9%;Asia
2002-01-01;Malaysia;380000;15380;395380;10.2%;Asia
2002-01-01;Mexico;960097;844573;1804670;-2.0%;North America
2002-01-01;Netherlands;182368;48923;231291;-3.2%;Europe
2002-01-01;Poland;287534;23598;311132;-10.6%;Europe
2002-01-01;Portugal;182573;68259;250832;4.6%;Europe
2002-01-01;Romania;65266;14190;79456;15.6%;Europe
2002-01-01;Russia;980061;239689;1219750;-2.5%;Europe
2002-01-01;Serbia;10271;1701;11972;33.3%;Europe
2002-01-01;Slovakia;225442;276;225718;24.0%;Europe
2002-01-01;Slovenia;126661;0;126661;9.1%;Europe
2002-01-01;South africa;276499;127942;404441;-0.6%;Africa
2002-01-01;South korea;2651273;496311;3147584;6.8%;Asia
2002-01-01;Spain;2266902;588337;2855239;0.2%;Europe
2002-01-01;Sweden;237975;38218;276193;-4.5%;Europe
2002-01-01;Taiwan;231506;102193;333699;22.8%;Asia
2002-01-01;Thailand;169321;415630;584951;27.3%;Asia
2002-01-01;Turkey;204198;142367;346565;28.0%;Asia
2002-01-01;Ukraine;50393;3380;53773;69.0%;Europe
2002-01-01;United kingdom;1629934;193084;1823018;8.2%;Europe
2002-01-01;Usa;5018777;7260805;12279582;7.5%;North America
2002-01-01;Uzbekistan;22705;6849;29554;-27.9%;Asia
2002-01-01;Others;119255;49106;168361;-3.3%;Other
2003-01-01;Argentina;109364;59812;169176;6.1%;South America
2003-01-01;Australia;365611;47650;413261;20.2%;Oceania
2003-01-01;Austria;118650;21006;139656;-8.5%;Europe
2003-01-01;Belgium;791703;112680;909383;-14.5%;Europe
2003-01-01;Brazil;1505139;322652;1827791;2.0%;South America
2003-01-01;Canada;1340175;1212687;2552862;-2.9%;North America
2003-01-01;China;2018875;2424811;4443686;35.2%;Asia
2003-01-01;Czechia;436279;5420;441699;-1.2%;Europe
2003-01-01;Egypt;32581;17431;50012;10.7%;Africa
2003-01-01;Finland;19226;432;19658;-52.6%;Europe
2003-01-01;France;3220329;399737;3620066;0.5%;Europe
2003-01-01;Germany;5145403;361226;5506629;0.7%;Europe
2003-01-01;Hungary;122338;3778;126116;-10.9%;Europe
2003-01-01;India;907968;253555;1161523;29.8%;Asia
2003-01-01;Indonesia;203196;118848;322044;7.6%;Asia
2003-01-01;Iran;516930;65169;582099;28.8%;Asia
2003-01-01;Italy;1026454;295177;1321631;-7.4%;Europe
2003-01-01;Japan;8478328;1807890;10286218;0.3%;Asia
2003-01-01;Malaysia;324911;19373;344284;-12.9%;Asia
2003-01-01;Mexico;774048;801399;1575447;-12.7%;North America
2003-01-01;Netherlands;163080;52201;215281;-6.9%;Europe
2003-01-01;Poland;306847;15214;322061;3.5%;Europe
2003-01-01;Portugal;165576;73785;239361;-4.6%;Europe
2003-01-01;Romania;75706;19541;95247;19.9%;Europe
2003-01-01;Russia;1010436;268356;1278792;4.8%;Europe
2003-01-01;Serbia;12996;907;13903;16.1%;Europe
2003-01-01;Slovakia;281160;187;281347;24.6%;Europe
2003-01-01;Slovenia;110597;7602;118199;-6.7%;Europe
2003-01-01;South africa;291249;130086;421335;4.2%;Africa
2003-01-01;South korea;2767716;410154;3177870;1.0%;Asia
2003-01-01;Spain;2399374;630452;3029826;6.1%;Europe
2003-01-01;Sweden;280394;42638;323032;17.0%;Europe
2003-01-01;Taiwan;264837;121849;386686;15.9%;Asia
2003-01-01;Thailand;251691;490371;742062;26.9%;Asia
2003-01-01;Turkey;294116;239238;533354;53.9%;Asia
2003-01-01;Ukraine;103000;4890;107890;100.6%;Europe
2003-01-01;United kingdom;1657558;188871;1846429;1.3%;Europe
2003-01-01;Usa;4510469;7604502;12114971;-1.3%;North America
2003-01-01;Uzbekistan;39196;7278;46474;57.3%;Asia
2003-01-01;Others;144607;66666;211753;25.5%;Other
2004-01-01;Argentina;171400;89002;260402;53.9%;South America
2004-01-01;Australia;337510;73896;411406;-0.4%;Oceania
2004-01-01;Austria;227244;21474;248718;78.1%;Europe
2004-01-01;Belgium;857119;43154;900273;-0.5%;Europe
2004-01-01;Brazil;1862780;454447;2317227;26.8%;South America
2004-01-01;Canada;1335516;1376020;2711536;6.2%;North America
2004-01-01;China;2480231;2754265;5234496;17.8%;Asia
2004-01-01;Czechia;443065;5295;448360;1.5%;Europe
2004-01-01;Egypt;34591;14744;49335;-1.4%;Africa
2004-01-01;Finland;10051;459;10510;-46.5%;Europe
2004-01-01;France;3227416;438574;3665990;1.3%;Europe
2004-01-01;Germany;5192101;377853;5569954;1.1%;Europe
2004-01-01;Hungary;118590;4076;122666;-2.7%;Europe
2004-01-01;India;1178354;332803;1511157;30.1%;Asia
2004-01-01;Indonesia;262752;145559;408311;26.8%;Asia
2004-01-01;Iran;707773;80885;788658;35.5%;Asia
2004-01-01;Italy;833578;308527;1142105;-13.6%;Europe
2004-01-01;Japan;8720385;1791133;10511518;2.2%;Asia
2004-01-01;Malaysia;364852;107123;471975;37.1%;Asia
2004-01-01;Mexico;903313;673846;1577159;0.1%;North America
2004-01-01;Netherlands;187600;59903;247503;15.0%;Europe
2004-01-01;Poland;523000;78000;601000;86.6%;Europe
2004-01-01;Portugal;150781;75947;226728;-5.3%;Europe
2004-01-01;Romania;98997;23188;122185;28.3%;Europe
2004-01-01;Russia;1110079;276048;1386127;8.4%;Europe
2004-01-01;Serbia;13266;1928;15194;9.3%;Europe
2004-01-01;Slovakia;223542;0;223542;-20.5%;Europe
2004-01-01;Slovenia;116609;15037;131646;11.4%;Europe
2004-01-01;South africa;300963;154739;455702;8.2%;Africa
2004-01-01;South korea;3122600;346864;3469464;9.2%;Asia
2004-01-01;Spain;2402501;609673;3012174;-0.6%;Europe
2004-01-01;Sweden;290383;49887;340270;5.3%;Europe
2004-01-01;Taiwan;299639;131175;430814;11.4%;Asia
2004-01-01;Thailand;299439;628542;927981;25.1%;Asia
2004-01-01;Turkey;447152;376256;823408;54.4%;Asia
2004-01-01;Ukraine;179098;7792;186890;73.2%;Europe
2004-01-01;United kingdom;1647246;209293;1856539;0.5%;Europe
2004-01-01;Usa;4229625;7759762;11989387;-1.0%;North America
2004-01-01;Uzbekistan;66896;13833;80729;73.7%;Asia
2004-01-01;Others;226533;84517;311050;47.2%;Other
2005-01-01;Argentina;182761;136994;319755;22.8%;South America
2005-01-01;Australia;316414;78299;394713;-4.1%;Oceania
2005-01-01;Austria;230505;22774;253279;1.8%;Europe
2005-01-01;Belgium;895109;31406;926515;2.9%;Europe
2005-01-01;Brazil;2011817;519023;2530840;9.2%;South America
2005-01-01;Canada;1356271;1331621;2687892;-0.9%;North America
2005-01-01;China;3941767;1775852;5717619;9.2%;Asia
2005-01-01;Czechia;596774;5463;602237;34.3%;Europe
2005-01-01;Egypt;43638;20911;64549;30.8%;Africa
2005-01-01;Finland;21233;411;21644;105.9%;Europe
2005-01-01;France;3112961;436047;3549008;-3.2%;Europe
2005-01-01;Germany;5350187;407523;5757710;3.4%;Europe
2005-01-01;Hungary;148533;3482;152015;23.9%;Europe
2005-01-01;India;1264111;374563;1638674;8.4%;Asia
2005-01-01;Indonesia;332590;168120;500710;22.6%;Asia
2005-01-01;Iran;923800;153390;1077190;36.6%;Asia
2005-01-01;Italy;725528;312824;1038352;-9.1%;Europe
2005-01-01;Japan;9016735;1782924;10799659;2.7%;Asia
2005-01-01;Malaysia;404571;158837;563408;19.4%;Asia
2005-01-01;Mexico;846048;838190;1684238;6.8%;North America
2005-01-01;Netherlands;115121;65627;180748;-27.0%;Europe
2005-01-01;Poland;540100;73100;613200;2.0%;Europe
2005-01-01;Portugal;137602;83458;221060;-2.5%;Europe
2005-01-01;Romania;174538;20644;194802;59.4%;Europe
2005-01-01;Russia;1068511;285993;1354504;-2.3%;Europe
2005-01-01;Serbia;12574;1605;14179;-6.7%;Europe
2005-01-01;Slovakia;218349;0;218349;-2.3%;Europe
2005-01-01;Slovenia;138393;39558;177951;35.2%;Europe
2005-01-01;South africa;324875;200352;525227;15.3%;Africa
2005-01-01;South korea;3357094;342256;3699350;6.6%;Asia
2005-01-01;Spain;2098168;654332;2752500;-8.6%;Europe
2005-01-01;Sweden;288659;50570;339229;-0.3%;Europe
2005-01-01;Taiwan;323819;122526;446345;3.6%;Asia
2005-01-01;Thailand;277562;845150;1122712;21.0%;Asia
2005-01-01;Turkey;453663;425789;879452;6.8%;Asia
2005-01-01;Ukraine;196722;19037;215759;15.4%;Europe
2005-01-01;United kingdom;1596356;206753;1803109;-2.9%;Europe
2005-01-01;Usa;4321272;7625381;11946653;-0.4%;North America
2005-01-01;Uzbekistan;87512;8302;95814;18.7%;Asia
2005-01-01;Others;372593;122898;495491;59.3%;Other
2006-01-01;Argentina;263120;168981;432101;35.1%;South America
2006-01-01;Australia;270000;60900;330900;-16.2%;Oceania
2006-01-01;Austria;248059;26873;274932;8.6%;Europe
2006-01-01;Belgium;881929;36127;918056;-1.2%;Europe
2006-01-01;Brazil;2092029;519005;2611034;3.3%;South America
2006-01-01;Canada;1389536;1182756;2572292;-4.3%;North America
2006-01-01;China;5233132;1955576;7188708;25.9%;Asia
2006-01-01;Czechia;848922;5985;854907;41.3%;Europe
2006-01-01;Egypt;59462;32056;91518;41.8%;Africa
2006-01-01;Finland;32417;353;32770;51.4%;Europe
2006-01-01;France;2723196;446023;3169219;-10.7%;Europe
2006-01-01;Germany;5398508;421106;5819614;1.1%;Europe
2006-01-01;Hungary;187633;3190;190823;25.5%;Europe
2006-01-01;India;1473000;546808;2019808;24.2%;Asia
2006-01-01;Indonesia;256285;40777;297062;-40.7%;Asia
2006-01-01;Iran;800000;104500;904500;10.7%;Asia
2006-01-01;Italy;892502;319092;1211594;16.7%;Europe
2006-01-01;Japan;9756515;1727718;11484233;6.3%;Asia
2006-01-01;Malaysia;377952;125021;502973;-10.8%;Asia
2006-01-01;Mexico;1097619;947899;2045518;22.4%;North America
2006-01-01;Netherlands;87332;72122;159454;-11.8%;Europe
2006-01-01;Poland;632300;82300;714600;14.2%;Europe
2006-01-01;Portugal;143478;83847;227325;3.7%;Europe
2006-01-01;Romania;201663;11934;213597;9.6%;Europe
2006-01-01;Russia;1177918;330440;1508358;11.6%;Europe
2006-01-01;Serbia;9832;1350;11182;-21.1%;Europe
2006-01-01;Slovakia;295391;0;295391;35.3%;Europe
2006-01-01;Slovenia;115000;35320;150320;-15.5%;Europe
2006-01-01;South africa;334482;253237;587719;11.9%;Africa
2006-01-01;South korea;3489136;350966;3840102;3.8%;Asia
2006-01-01;Spain;2078639;698796;2777435;0.9%;Europe
2006-01-01;Sweden;288583;44585;333168;-1.6%;Europe
2006-01-01;Taiwan;211306;91915;303221;-32.1%;Asia
2006-01-01;Thailand;298819;895607;1194426;6.1%;Asia
2006-01-01;Turkey;545682;442098;987780;12.4%;Asia
2006-01-01;Ukraine;274860;20400;295260;36.8%;Europe
2006-01-01;United kingdom;1442085;206303;1648388;-8.6%;Europe
2006-01-01;Usa;4366220;6897766;11263986;-6.0%;North America
2006-01-01;Uzbekistan;100000;10000;110000;14.8%;Asia
2006-01-01;Others;376110;155496;531606;2.3%;Other
2007-01-01;Argentina;350735;193912;544647;26.0%;South America
2007-01-01;Australia;283348;51269;334617;0.9%;Oceania
2007-01-01;Austria;199969;28097;228066;-17.0%;Europe
2007-01-01;Belgium;789674;44729;834403;-9.1%;Europe
2007-01-01;Brazil;2391354;585796;2977150;14.8%;South America
2007-01-01;Canada;1342133;1236657;2578790;0.3%;North America
2007-01-01;China;6381116;2501340;8882456;22.0%;Asia
2007-01-01;Czechia;925060;13588;938648;9.8%;Europe
2007-01-01;Egypt;68934;35539;104473;14.2%;Africa
2007-01-01;Finland;24000;303;24303;-25.8%;Europe
2007-01-01;France;2550869;464985;3015854;-4.8%;Europe
2007-01-01;Germany;5709139;504321;6213460;6.8%;Europe
2007-01-01;Hungary;287982;4045;292027;53.5%;Europe
2007-01-01;India;1713479;540250;2253729;11.6%;Asia
2007-01-01;Indonesia;309208;102430;411638;38.6%;Asia
2007-01-01;Iran;882000;115240;997240;10.3%;Asia
2007-01-01;Italy;910860;373452;1284312;6.0%;Europe
2007-01-01;Japan;9944637;1651690;11596327;1.0%;Asia
2007-01-01;Malaysia;347971;93690;441661;-12.2%;Asia
2007-01-01;Mexico;1209097;886148;2095245;2.4%;North America
2007-01-01;Netherlands;61912;76656;138568;-13.1%;Europe
2007-01-01;Poland;695000;97703;792703;10.9%;Europe
2007-01-01;Portugal;134047;42195;176242;-22.5%;Europe
2007-01-01;Romania;234103;7609;241712;13.2%;Europe
2007-01-01;Russia;1288652;371468;1660120;10.4%;Europe
2007-01-01;Serbia;8236;1667;9903;-11.4%;Europe
2007-01-01;Slovakia;571071;0;571071;93.3%;Europe
2007-01-01;Slovenia;174209;24193;198402;29.6%;Europe
2007-01-01;South africa;276018;258472;534490;-9.1%;Africa
2007-01-01;South korea;3723482;362826;4086308;6.4%;Asia
2007-01-01;Spain;2195780;693923;2889703;4.0%;Europe
2007-01-01;Sweden;316850;49170;366020;9.9%;Europe
2007-01-01;Taiwan;212685;70354;283039;-6.7%;Asia
2007-01-01;Thailand;315444;971902;1287346;7.8%;Asia
2007-01-01;Turkey;634883;464530;1099413;11.3%;Asia
2007-01-01;Ukraine;380061;22530;402591;39.7%;Europe
2007-01-01;United kingdom;1534567;215686;1750253;6.1%;Europe
2007-01-01;Usa;3924268;6856461;10780729;-4.5%;North America
2007-01-01;Uzbekistan;170000;14900;184900;68.1%;Asia
2007-01-01;Others;420770;282019;702789;32.2%;Other
2008-01-01;Argentina;399236;197509;596745;9.6%;South America
2008-01-01;Australia;285590;43966;329556;-1.5%;Oceania
2008-01-01;Austria;125836;25441;151277;-33.7%;Europe
2008-01-01;Belgium;680131;44367;724498;-13.2%;Europe
2008-01-01;Brazil;2545729;670247;3215976;8.0%;South America
2008-01-01;Canada;1195436;886805;2082241;-19.3%;North America
2008-01-01;China;6737745;2561435;9299180;4.7%;Asia
2008-01-01;Czechia;934046;12521;946567;1.0%;Europe
2008-01-01;Egypt;77563;42297;119860;14.7%;Africa
2008-01-01;Finland;17519;376;17895;-26.4%;Europe
2008-01-01;France;2145935;423043;2568978;-14.8%;Europe
2008-01-01;Germany;5532030;513700;6045730;-2.7%;Europe
2008-01-01;Hungary;342359;3696;346055;18.5%;Europe
2008-01-01;India;1846051;486277;2332328;3.5%;Asia
2008-01-01;Indonesia;431423;169205;600628;45.9%;Asia
2008-01-01;Iran;1048307;225474;1273781;27.7%;Asia
2008-01-01;Italy;659221;364553;1023774;-20.3%;Europe
2008-01-01;Japan;9928143;1647501;11575644;-0.2%;Asia
2008-01-01;Malaysia;484512;46298;530810;20.2%;Asia
2008-01-01;Mexico;1217458;950486;2167944;3.5%;North America
2008-01-01;Netherlands;59223;73271;132494;-4.4%;Europe
2008-01-01;Poland;842000;110840;952840;20.2%;Europe
2008-01-01;Portugal;132242;42913;175155;-0.6%;Europe
2008-01-01;Romania;231056;14252;245308;1.5%;Europe
2008-01-01;Russia;1469429;320872;1790301;7.8%;Europe
2008-01-01;Serbia;9818;1810;11628;17.4%;Europe
2008-01-01;Slovakia;575776;0;575776;0.8%;Europe
2008-01-01;Slovenia;180233;17610;197843;-0.3%;Europe
2008-01-01;South africa;321124;241841;562965;5.3%;Africa
2008-01-01;South korea;3450478;376204;3826682;-6.8%;Asia
2008-01-01;Spain;1943049;598595;2541644;-12.0%;Europe
2008-01-01;Sweden;252287;56012;308299;-15.8%;Europe
2008-01-01;Taiwan;138714;44260;182974;-35.4%;Asia
2008-01-01;Thailand;401309;992433;1393742;8.3%;Asia
2008-01-01;Turkey;621567;525543;1147110;4.3%;Asia
2008-01-01;Ukraine;400799;22328;423127;5.1%;Europe
2008-01-01;United kingdom;1446619;202896;1649515;-5.8%;Europe
2008-01-01;Usa;3776641;4895500;8672141;-19.6%;North America
2008-01-01;Uzbekistan;195038;13000;208038;12.5%;Asia
2008-01-01;Supplementary;365165;162469;527634;-11.8%;Other
2009-01-01;Argentina;380067;132857;512924;-14.1%;South America
2009-01-01;Australia;188158;39125;227283;-31.0%;Oceania
2009-01-01;Austria;56620;15714;72334;-52.2%;Europe
2009-01-01;Belgium;524595;12510;537354;-25.8%;Europe
2009-01-01;Brazil;2575418;607505;3182923;-1.0%;South America
2009-01-01;Canada;822267;668215;1490482;-28.4%;North America
2009-01-01;China;10383831;3407163;13790994;48.3%;Asia
2009-01-01;Czechia;976435;6810;983243;3.9%;Europe
2009-01-01;Egypt;60249;32090;92339;-23.0%;Africa
2009-01-01;Finland;10907;64;10971;-38.7%;Europe
2009-01-01;France;1819497;228196;2047693;-20.3%;Europe
2009-01-01;Germany;4964523;245334;5209857;-13.8%;Europe
2009-01-01;Hungary;212773;1770;214543;-38.0%;Europe
2009-01-01;India;2175220;466330;2641550;13.3%;Asia
2009-01-01;Indonesia;352172;112644;464816;-22.6%;Asia
2009-01-01;Iran;1170503;223572;1394075;9.4%;Asia
2009-01-01;Italy;661100;182139;843239;-17.6%;Europe
2009-01-01;Japan;6862161;1071896;7934057;-31.5%;Asia
2009-01-01;Malaysia;447002;42267;489269;-7.8%;Asia
2009-01-01;Mexico;942876;618176;1561052;-28.0%;North America
2009-01-01;Netherlands;50620;26131;76751;-42.1%;Europe
2009-01-01;Poland;818800;60198;878998;-7.7%;Europe
2009-01-01;Portugal;101680;24335;126015;-28.1%;Europe
2009-01-01;Romania;279320;17178;296498;20.9%;Europe
2009-01-01;Russia;599265;125747;725012;-59.5%;Europe
2009-01-01;Serbia;16337;401;16738;43.9%;Europe
2009-01-01;Slovakia;461340;0;461340;-19.9%;Europe
2009-01-01;Slovenia;202570;10179;212749;7.5%;Europe
2009-01-01;South africa;222981;150942;373923;-33.6%;Africa
2009-01-01;South korea;3158417;354509;3512926;-8.2%;Asia
2009-01-01;Spain;1812688;357390;2170078;-14.6%;Europe
2009-01-01;Sweden;128738;27698;156436;-49.3%;Europe
2009-01-01;Taiwan;183986;42370;226356;23.7%;Asia
2009-01-01;Thailand;313442;685936;999378;-28.3%;Asia
2009-01-01;Turkey;510931;358674;869605;-24.2%;Asia
2009-01-01;Ukraine;65646;3649;69295;-83.6%;Europe
2009-01-01;United kingdom;999460;90679;1090139;-33.9%;Europe
2009-01-01;Usa;2195588;3513843;5709431;-34.3%;North America
2009-01-01;Uzbekistan;110200;7700;117900;-43.3%;Asia
2009-01-01;Others;302354;105010;407364;-23.4%;Other
2010-01-01;Argentina;508401;208139;716540;39.7%;South America
2010-01-01;Australia;205334;38673;244007;7.4%;Oceania
2010-01-01;Austria;86183;18814;104997;45.2%;Europe
2010-01-01;Belgium;528996;26306;555302;3.3%;Europe
2010-01-01;Brazil;2584690;797038;3381728;6.2%;South America
2010-01-01;Canada;967077;1101112;2068189;38.8%;North America
2010-01-01;China;13897083;4367678;18264761;32.4%;Asia
2010-01-01;Czechia;1069518;6866;1076384;9.5%;Europe
2010-01-01;Egypt;76412;40271;116683;26.4%;Africa
2010-01-01;Finland;6385;280;6665;-39.2%;Europe
2010-01-01;France;1924171;305250;2229421;8.9%;Europe
2010-01-01;Germany;5552409;353576;5905985;13.4%;Europe
2010-01-01;Hungary;208571;2890;211461;-1.4%;Europe
2010-01-01;India;2831542;725531;3557073;34.7%;Asia
2010-01-01;Indonesia;496524;205984;702508;51.1%;Asia
2010-01-01;Iran;1367014;232440;1599454;14.7%;Asia
2010-01-01;Italy;573169;265017;838186;-0.6%;Europe
2010-01-01;Japan;8310362;1318558;9628920;21.4%;Asia
2010-01-01;Malaysia;522568;45147;567715;16.0%;Asia
2010-01-01;Mexico;1386148;956134;2342282;50.0%;North America
2010-01-01;Netherlands;48025;46107;94132;22.6%;Europe
2010-01-01;Poland;785000;84474;869474;-1.1%;Europe
2010-01-01;Portugal;114563;44166;158729;26.0%;Europe
2010-01-01;Romania;323587;27325;350912;18.4%;Europe
2010-01-01;Russia;1208362;194882;1403244;93.5%;Europe
2010-01-01;Serbia;14551;649;15200;-9.2%;Europe
2010-01-01;Slovakia;561933;0;561933;21.8%;Europe
2010-01-01;Slovenia;201039;10301;211340;-0.7%;Europe
2010-01-01;South africa;295394;176655;472049;26.2%;Africa
2010-01-01;South korea;3866206;405535;4271741;21.6%;Asia
2010-01-01;Spain;1913513;474387;2387900;10.0%;Europe
2010-01-01;Sweden;177084;40000;217084;38.8%;Europe
2010-01-01;Taiwan;251490;51966;303456;34.1%;Asia
2010-01-01;Thailand;554387;1090126;1644513;64.6%;Asia
2010-01-01;Turkey;603394;491163;1094557;25.9%;Asia
2010-01-01;Ukraine;75261;7872;83133;20.0%;Europe
2010-01-01;United kingdom;1270444;123019;1393463;27.8%;Europe
2010-01-01;Usa;2731105;5011988;7743093;35.6%;North America
2010-01-01;Uzbekistan;130400;26480;156880;33.1%;Asia
2010-01-01;Others;373587;113198;486785;21.5%;Other
2011-01-01;Argentina;577233;251538;828771;15.7%;South America
2011-01-01;Australia;189503;34690;224193;-8.1%;Oceania
2011-01-01;Austria;130343;22162;152505;45.2%;Europe
2011-01-01;Belgium;560779;34305;595084;7.2%;Europe
2011-01-01;Brazil;2519389;888472;3407861;0.8%;South America
2011-01-01;Canada;990482;1144639;2135121;3.2%;North America
2011-01-01;China;14485326;3933550;18418876;0.8%;Asia
2011-01-01;Czechia;1191968;7877;1199845;11.5%;Europe
2011-01-01;Egypt;53072;28659;81731;-30.0%;Africa
2011-01-01;Finland;2540;91;2631;-60.5%;Europe
2011-01-01;France;1931030;311898;2242928;0.6%;Europe
2011-01-01;Germany;5871918;275030;6146948;4.1%;Europe
2011-01-01;Hungary;211218;2313;213531;1.0%;Europe
2011-01-01;India;3040144;887267;3927411;10.4%;Asia
2011-01-01;Indonesia;562250;276138;838388;19.3%;Asia
2011-01-01;Iran;1412803;236508;1649311;3.1%;Asia
2011-01-01;Italy;485606;304742;790348;-5.7%;Europe
2011-01-01;Japan;7158525;1240105;8398630;-12.8%;Asia
2011-01-01;Malaysia;488441;45254;533695;-6.0%;Asia
2011-01-01;Mexico;1657080;1023970;2681050;14.5%;North America
2011-01-01;Netherlands;40772;32379;73151;-22.3%;Europe
2011-01-01;Poland;741000;97133;838133;-3.6%;Europe
2011-01-01;Portugal;141779;50463;192242;21.1%;Europe
2011-01-01;Romania;310243;24989;335232;-4.5%;Europe
2011-01-01;Russia;1744097;246058;1990155;41.8%;Europe
2011-01-01;Serbia;10227;796;11023;-27.5%;Europe
2011-01-01;Slovakia;639763;0;639763;13.9%;Europe
2011-01-01;Slovenia;168955;5164;174119;-17.6%;Europe
2011-01-01;South africa;312265;220280;532545;12.8%;Africa
2011-01-01;South korea;4221617;435477;4657094;9.0%;Asia
2011-01-01;Spain;1839068;534261;2373329;-0.6%;Europe
2011-01-01;Sweden;188969;0;188969;-13.0%;Europe
2011-01-01;Taiwan;288523;54773;343296;13.1%;Asia
2011-01-01;Thailand;537987;919811;1457798;-11.4%;Asia
2011-01-01;Turkey;639734;549397;1189131;8.6%;Asia
2011-01-01;Ukraine;97585;7069;104654;25.9%;Europe
2011-01-01;United kingdom;1343810;120189;1463999;5.1%;Europe
2011-01-01;Usa;2976991;5684544;8661535;11.9%;North America
2011-01-01;Uzbekistan;146300;33260;179560;14.5%;Asia
2011-01-01;Others;367138;124373;491511;1.0%;Other
2012-01-01;Argentina;497376;267119;764495;-7.8%;South America
2012-01-01;Australia;189949;36553;226502;-1.0%;Oceania
2012-01-01;Austria;123602;19487;143089;-6.2%;Europe
2012-01-01;Belgium;504616;34232;538848;-9.5%;Europe
2012-01-01;Brazil;2589236;813272;3402508;-0.2%;South America
2012-01-01;Canada;1040298;1423066;2463364;15.4%;North America
2012-01-01;China;15523658;3748150;19271808;4.6%;Asia
2012-01-01;Czechia;1171774;7221;1178995;-1.7%;Europe
2012-01-01;Egypt;36880;19600;56480;-30.9%;Africa
2012-01-01;Finland;8600;88;8688;245.5%;Europe
2012-01-01;France;1682814;284951;1967765;-12.3%;Europe
2012-01-01;Germany;5388459;260801;5649260;-8.1%;Europe
2012-01-01;Hungary;215440;2400;217840;2.0%;Europe
2012-01-01;India;3296240;878473;4174713;6.3%;Asia
2012-01-01;Indonesia;745144;307751;1052895;25.6%;Asia
2012-01-01;Iran;856927;143162;1000089;-39.3%;Asia
2012-01-01;Italy;396817;274951;671768;-15.0%;Europe
2012-01-01;Japan;8554503;1388574;9943077;18.4%;Asia
2012-01-01;Malaysia;509621;59999;569620;6.7%;Asia
2012-01-01;Mexico;1810007;1191807;3001814;12.0%;North America
2012-01-01;Netherlands;24895;30744;55639;-23.9%;Europe
2012-01-01;Poland;539671;115085;654756;-21.9%;Europe
2012-01-01;Portugal;115735;47826;163561;-14.9%;Europe
2012-01-01;Romania;326556;11209;337765;0.8%;Europe
2012-01-01;Russia;1970087;263016;2233103;12.2%;Europe
2012-01-01;Serbia;10227;805;11032;0.1%;Europe
2012-01-01;Slovakia;926555;0;926555;44.8%;Europe
2012-01-01;Slovenia;126836;4113;130949;-24.8%;Europe
2012-01-01;South africa;274873;264551;539424;1.3%;Africa
2012-01-01;South korea;4167089;394677;4561766;-2.0%;Asia
2012-01-01;Spain;1539680;439499;1979179;-16.6%;Europe
2012-01-01;Sweden;162814;0;162814;-13.8%;Europe
2012-01-01;Taiwan;278043;60995;339038;-1.2%;Asia
2012-01-01;Thailand;945100;1484042;2429142;66.6%;Asia
2012-01-01;Turkey;577296;495682;1072978;-9.8%;Asia
2012-01-01;Ukraine;69687;6594;76281;-27.1%;Europe
2012-01-01;United kingdom;1464906;112039;1576945;7.7%;Europe
2012-01-01;Usa;4109013;6226752;10335765;19.3%;North America
2012-01-01;Uzbekistan;144980;19200;164180;-8.6%;Asia
2012-01-01;Others;463990;135652;599642;22.0%;Other
2013-01-01;Argentina;506539;284468;791007;3.5%;South America
2013-01-01;Australia;170808;45118;215926;-4.7%;Oceania
2013-01-01;Austria;146566;19862;166428;16.3%;Europe
2013-01-01;Belgium;465504;38000;503504;-6.6%;Europe
2013-01-01;Brazil;2722979;989401;3712380;9.1%;South America
2013-01-01;Canada;965191;1414615;2379834;-3.4%;North America
2013-01-01;China;18084169;4032656;22116825;14.8%;Asia
2013-01-01;Czechia;1128473;4458;1132931;-3.9%;Europe
2013-01-01;Egypt;13777;17027;30804;-45.5%;Africa
2013-01-01;Finland;7600;103;7703;-11.3%;Europe
2013-01-01;France;1458220;282000;1740220;-11.6%;Europe
2013-01-01;Germany;5439904;278318;5718222;1.2%;Europe
2013-01-01;Hungary;317857;3430;321287;47.5%;Europe
2013-01-01;India;3155694;742731;3898425;-6.6%;Asia
2013-01-01;Indonesia;924753;281615;1206368;14.6%;Asia
2013-01-01;Iran;630639;113041;743680;-25.6%;Asia
2013-01-01;Italy;388465;269741;658206;-2.0%;Europe
2013-01-01;Japan;8189323;1440858;9630181;-3.1%;Asia
2013-01-01;Malaysia;543892;57515;601407;5.6%;Asia
2013-01-01;Mexico;1771987;1282862;3054849;1.8%;North America
2013-01-01;Netherlands;0;29183;29183;-47.5%;Europe
2013-01-01;Poland;475000;115159;590159;-9.9%;Europe
2013-01-01;Portugal;109698;44318;154016;-5.8%;Europe
2013-01-01;Romania;410959;38;410997;21.7%;Europe
2013-01-01;Russia;1927578;264667;2192245;-1.8%;Europe
2013-01-01;Serbia;113487;805;113878;932.3%;Europe
2013-01-01;Slovakia;975000;0;975000;5.2%;Europe
2013-01-01;Slovenia;89395;4339;93734;-28.4%;Europe
2013-01-01;South africa;265257;280656;545913;1.2%;Africa
2013-01-01;South korea;4122604;398825;4521429;-0.9%;Asia
2013-01-01;Spain;1754668;408670;2163338;9.3%;Europe
2013-01-01;Sweden;161080;0;161080;-1.1%;Europe
2013-01-01;Taiwan;291037;47683;338720;-0.1%;Asia
2013-01-01;Thailand;1071076;1385981;2457057;1.1%;Asia
2013-01-01;Turkey;633604;491930;1125534;4.9%;Asia
2013-01-01;Ukraine;45758;4691;50449;-33.9%;Europe
2013-01-01;United kingdom;1509762;88110;1597872;1.3%;Europe
2013-01-01;Usa;4368835;6697597;11066432;7.1%;North America
2013-01-01;Uzbekistan;246641;0;246641;50.2%;Asia
2013-01-01;Others;523679;119936;643615;7.3%;Other
2014-01-01;Argentina;363711;253618;617329;-22.0%;South America
2014-01-01;Australia;166933;13378;180311;-16.5%;Oceania
2014-01-01;Austria;136000;18340;152000;-8.7%;Europe
2014-01-01;Belgium;481636;35195;516831;2.6%;Europe
2014-01-01;Brazil;2502293;644093;3146386;-15.2%;South America
2014-01-01;Canada;913533;1480621;2394154;0.6%;North America
2014-01-01;China;19928505;3803095;23731600;7.3%;Asia
2014-01-01;Czechia;1246506;4714;1251220;10.4%;Europe
2014-01-01;Egypt;17542;9190;42515;-38.0%;Africa
2014-01-01;Finland;45000;35;45035;484.6%;Europe
2014-01-01;France;1499464;322000;1821464;4.7%;Europe
2014-01-01;Germany;5604026;303522;5907548;3.3%;Europe
2014-01-01;Hungary;434069;2400;437599;36.2%;Europe
2014-01-01;India;3162372;682485;3844857;-1.4%;Asia
2014-01-01;Indonesia;1013172;285351;1298523;7.6%;Asia
2014-01-01;Iran;925975;164871;1090846;46.7%;Asia
2014-01-01;Italy;401317;296547;697864;6.0%;Europe
2014-01-01;Japan;8277070;1497488;9774665;1.5%;Asia
2014-01-01;Malaysia;545122;50012;595134;-1.0%;Asia
2014-01-01;Mexico;1915709;1452301;3368010;10.3%;North America
2014-01-01;Netherlands;29196;2232;31428;7.7%;Europe
2014-01-01;Poland;472600;120904;593504;0.6%;Europe
2014-01-01;Portugal;117744;43765;161509;4.9%;Europe
2014-01-01;Romania;391422;12;391434;-4.8%;Europe
2014-01-01;Russia;1682921;204272;1887193;-23.0%;Europe
2014-01-01;Serbia;101576;695;103150;-9.4%;Europe
2014-01-01;Slovakia;971160;0;971160;-0.4%;Europe
2014-01-01;Slovenia;118533;58;118591;26.5%;Europe
2014-01-01;South africa;277491;288592;566083;3.7%;Africa
2014-01-01;South korea;4124116;400816;4524932;0.1%;Asia
2014-01-01;Spain;1898342;504636;2402978;11.1%;Europe
2014-01-01;Sweden;154174;0;154174;-4.3%;Europe
2014-01-01;Taiwan;332629;46594;379223;12.0%;Asia
2014-01-01;Thailand;743258;1137329;1880587;-23.5%;Asia
2014-01-01;Turkey;733439;437006;1170445;4.0%;Asia
2014-01-01;Ukraine;25941;2810;28751;-43.0%;Europe
2014-01-01;United kingdom;1528148;70731;1598879;0.1%;Europe
2014-01-01;Usa;4253098;7407604;11660702;5.4%;North America
2014-01-01;Uzbekistan;245660;0;245660;-0.4%;Asia
2014-01-01;Others;584144;114998;699142;8.7%;Other
2015-01-01;Argentina;308756;224927;533683;-13.5%;South America
2015-01-01;Australia;159872;13137;173009;-4.0%;Oceania
2015-01-01;Austria;109000;16500;125500;-17.4%;Europe
2015-01-01;Belgium;369172;40168;409340;-20.8%;Europe
2015-01-01;Brazil;2018954;410509;2429463;-22.8%;South America
2015-01-01;Canada;888565;1394909;2283474;-4.6%;North America
2015-01-01;China;21079427;3423899;24503326;3.3%;Asia
2015-01-01;Czechia;1298236;5367;1303603;4.2%;Europe
2015-01-01;Egypt;12000;24000;36000;-15.3%;Africa
2015-01-01;Finland;69000;53;69053;53.3%;Europe
2015-01-01;France;1553800;416200;1970000;8.2%;Europe
2015-01-01;Germany;5707938;325226;6033164;2.1%;Europe
2015-01-01;Hungary;491720;3650;495370;13.2%;Europe
2015-01-01;India;3378063;747681;4125744;7.3%;Asia
2015-01-01;Indonesia;824445;274335;1098780;-15.4%;Asia
2015-01-01;Iran;884866;97471;982337;-9.9%;Asia
2015-01-01;Italy;663139;351084;1014223;45.3%;Europe
2015-01-01;Japan;7830722;1447516;9278238;-5.1%;Asia
2015-01-01;Malaysia;558324;56347;614671;3.3%;Asia
2015-01-01;Mexico;1968054;1597415;3565469;5.9%;North America
2015-01-01;Netherlands;41870;2252;44122;40.4%;Europe
2015-01-01;Poland;534700;125903;660603;11.3%;Europe
2015-01-01;Portugal;115468;41158;156626;-3.0%;Europe
2015-01-01;Romania;387171;6;387177;-1.1%;Europe
2015-01-01;Russia;1214849;169550;1384399;-26.6%;Europe
2015-01-01;Serbia;82400;1230;83630;-18.9%;Europe
2015-01-01;Slovakia;1000001;0;1000001;3.0%;Europe
2015-01-01;Slovenia;133092;0;133092;12.2%;Europe
2015-01-01;South africa;341025;274633;615658;8.8%;Africa
2015-01-01;South korea;4135108;420849;4555957;0.7%;Asia
2015-01-01;Spain;2218980;514221;2733201;13.7%;Europe
2015-01-01;Sweden;188987;0;188987;22.6%;Europe
2015-01-01;Taiwan;298418;52667;351085;-7.4%;Asia
2015-01-01;Thailand;772250;1143170;1915420;1.9%;Asia
2015-01-01;Turkey;791027;567769;1358796;16.1%;Asia
2015-01-01;Ukraine;5654;2590;8244;-71.3%;Europe
2015-01-01;United kingdom;1587677;94479;1682156;5.2%;Europe
2015-01-01;Usa;4163679;7936416;12100095;3.8%;North America
2015-01-01;Uzbekistan;185400;0;185400;-24.5%;Asia
2015-01-01;Others;693817;138866;832683;19.1%;Other
2015-01-01;Total;68539516;22241067;90780583;1.1%;Entire World
2016-01-01;Argentina;241315;231461;472776;-10.2%;South America
2016-01-01;Australia;149000;12294;161294;-6.8%;Oceania
2016-01-01;Austria;90000;18000;108000;-10.9%;Europe
2016-01-01;Belgium;354003;45424;399427;-2.4%;Europe
2016-01-01;Brazil;1778464;377892;2156356;-11.2%;South America
2016-01-01;Canada;802057;1568214;2370271;3.8%;North America
2016-01-01;China;24420744;3698050;28118794;14.5%;Asia
2016-01-01;Czechia;1344182;5714;1349896;8.3%;Europe
2016-01-01;Egypt;10930;25300;36230;0.6%;Africa
2016-01-01;Finland;55280;0;55280;-19.9%;Europe
2016-01-01;France;1626000;456000;2082000;5.6%;Europe
2016-01-01;Germany;5746808;315754;6062562;0.5%;Europe
2016-01-01;Hungary;472000;0;472000;-4.7%;Europe
2016-01-01;India;3677605;811360;4488965;7.9%;Asia
2016-01-01;Indonesia;968101;209288;1177389;7.2%;Asia
2016-01-01;Iran;1074000;90710;1164710;18.6%;Asia
2016-01-01;Italy;713182;390334;1103516;8.8%;Europe
2016-01-01;Japan;7873886;1330704;9204590;-0.8%;Asia
2016-01-01;Malaysia;469720;43725;513445;-16.5%;Asia
2016-01-01;Mexico;1993168;1604294;3597462;0.9%;North America
2016-01-01;Netherlands;42150;2280;44430;0.7%;Europe
2016-01-01;Poland;554600;127237;681837;3.2%;Europe
2016-01-01;Portugal;99200;43896;143096;-8.6%;Europe
2016-01-01;Romania;358861;445;359306;-7.2%;Europe
2016-01-01;Russia;1124774;179215;1303989;-5.4%;Europe
2016-01-01;Serbia;79360;960;80320;-4.0%;Europe
2016-01-01;Slovakia;1040000;0;1040000;0.1%;Europe
2016-01-01;Slovenia;133702;0;133702;0.5%;Europe
2016-01-01;South africa;335539;263465;599004;-2.7%;Africa
2016-01-01;South korea;3859991;368518;4228509;-7.2%;Asia
2016-01-01;Spain;2354117;531805;2885922;5.6%;Europe
2016-01-01;Sweden;205374;0;205374;8.7%;Europe
2016-01-01;Taiwan;251096;58435;309531;-11.8%;Asia
2016-01-01;Thailand;805033;1139384;1944417;1.8%;Asia
2016-01-01;Turkey;950888;535039;1485927;9.4%;Asia
2016-01-01;Ukraine;4340;924;5264;-36.1%;Europe
2016-01-01;United kingdom;1722698;93924;1816622;8.0%;Europe
2016-01-01;Usa;3934357;8263780;12198137;0.8%;North America
2016-01-01;Uzbekistan;88152;0;88152;-52.5%;Asia
2016-01-01;Others;781708;138454;920162;10.6%;Other
2017-01-01;Argentina;203700;268458;472158;-0.13%;South America
2017-01-01;Australia;88195;10437;98632;-38.85%;Oceania
2017-01-01;Austria;81000;18880;99880;-8.98%;Europe
2017-01-01;Belgium;336000;43140;379140;-5.08%;Europe
2017-01-01;Brazil;2269468;430204;2699672;25.2%;South America
2017-01-01;Canada;749458;1450331;2199789;-7.21%;North America
2017-01-01;China;24806687;4208747;29015434;3.19%;Asia
2017-01-01;Czechia;1413881;6112;1419993;0%;Europe
2017-01-01;Egypt;9970;26670;36640;1.13%;Africa
2017-01-01;Finland;91598;0;91598;90.83%;Europe
2017-01-01;France;1748000;479000;2227000;6.54%;Europe
2017-01-01;Germany;5645581;0;5645581;-1.76%;Europe
2017-01-01;Hungary;502000;3400;505400;-4.01%;Europe
2017-01-01;India;3952550;830346;4782896;5.83%;Asia
2017-01-01;Indonesia;982356;234259;1216615;3.3%;Asia
2017-01-01;Iran;1418550;96846;1515396;18.19%;Asia
2017-01-01;Italy;742642;399568;1142210;3.53%;Europe
2017-01-01;Japan;8347836;1345910;9693746;5.31%;Asia
2017-01-01;Malaysia;424880;35260;460140;-15.62%;Asia
2017-01-01;Morocco;341802;34484;376826;9%;Africa
2017-01-01;Mexico;1900029;2168386;4068415;13%;North America
2017-01-01;Netherlands;155000;2280;157280;74.97%;Europe
2017-01-01;Poland;514700;175029;689729;1.16%;Europe
2017-01-01;Portugal;126426;49118;175544;22.68%;Europe
2017-01-01;Romania;359240;10;359250;-0.02%;Europe
2017-01-01;Russia;1348029;203264;1551293;19.01%;Europe
2017-01-01;Serbia;79360;552;79912;-0.51%;Europe
2017-01-01;Slovakia;1001520;0;1001520;-3.7%;Europe
2017-01-01;Slovenia;189852;0;189852;42%;Europe
2017-01-01;South africa;321358;268593;589951;-1.51%;Africa
2017-01-01;South korea;3735399;379514;4114913;-2.69%;Asia
2017-01-01;Spain;2291492;556843;2848335;-1.3%;Europe
2017-01-01;Sweden;226000;0;226000;10.04%;Europe
2017-01-01;Taiwan;230356;61207;291563;-5.8%;Asia
2017-01-01;Thailand;818440;1170383;1988823;2.28%;Asia
2017-01-01;Turkey;1142906;552825;1695731;14.12%;Asia
2017-01-01;Ukraine;7296;2246;9542;81.27%;Europe
2017-01-01;United kingdom;1671166;78219;1749385;-3.70%;Europe
2017-01-01;Usa;3033216;8156769;11189985;-8.13%;North America
2017-01-01;Uzbekistan;140247;0;140247;59.10%;Asia
2017-01-01;Others;536725;221947;758672;16%;Other
2018-01-01;Argentina;208573;258076;466649;-1.4%;South America
2018-01-01;Austria;144500;20400;164900;69.7%;Europe
2018-01-01;Belgium;265958;42535;308493;-18.2%;Europe
2018-01-01;Brazil;2386758;493051;2879809;5.2%;South America
2018-01-01;Canada;655896;1364944;2020840;-7.9%;North America
2018-01-01;China;23529423;4279773;27809196;-4.2%;Asia
2018-01-01;Colombia;69000;3800;72800;-5.5%;South America
2018-01-01;Czechia;1345041;0;1345041;3%;Europe
2018-01-01;Egypt;19500;52100;71600;95%;Africa
2018-01-01;Finland;112104;0;112104;3%;Europe
2018-01-01;France;1763000;507000;2270000;2.0%;Europe
2018-01-01;Germany;5120409;0;5120409;-9.3%;Europe
2018-01-01;Hungary;430988;0;430988;3.0%;Europe
2018-01-01;India;4064774;1109871;5174645;8.0%;Asia
2018-01-01;Indonesia;1055774;287940;1343714;10.3%;Asia
2018-01-01;Iran;1027313;68213;1095526;-40%;Asia
2018-01-01;Italy;670932;389136;1060068;-7.2%;Europe
2018-01-01;Japan;8358220;1370308;9728528;0.4%;Asia
2018-01-01;Malaysia;522000;42800;564800;12.2%;Asia
2018-01-01;Morocco;368601;33484;402085;17.6%;Africa
2018-01-01;Mexico;1575808;2524717;4100525;0.1%;North America
2018-01-01;Poland;451600;208046;659646;-4.4%;Europe
2018-01-01;Portugal;234151;60215;294366;67.7%;Europe
2018-01-01;Romania;476769;0;476769;31.1%;Europe
2018-01-01;Russia;1563572;204102;1767674;13.9%;Europe
2018-01-01;Serbia;56303;146;56449;-28.5%;Europe
2018-01-01;Slovakia;1090000;0;1090000;5.6%;Europe
2018-01-01;Slovenia;209378;0;209378;10.2%;Europe
2018-01-01;South africa;321097;289757;610854;3.5%;Africa
2018-01-01;South korea;3661730;367104;4028834;-2.1%;Asia
2018-01-01;Spain;2267396;552169;2819565;-1.0%;Europe
2018-01-01;Taiwan;190052;63189;253241;-13.1%;Asia
2018-01-01;Thailand;877015;1290679;2167694;9.0%;Asia
2018-01-01;Turkey;1026461;523689;1550150;-8.6%;Asia
2018-01-01;Ukraine;5660;963;6623;-22.9%;Europe
2018-01-01;United kingdom;1519440;84888;1604328;-8.3%;Europe
2018-01-01;Usa;2795971;8518734;11314705;1.1%;North America
2018-01-01;Uzbekistan;220667;0;220667;57.3%;Asia
2018-01-01;Others;341554;152230;493784;0%;Other
2018-01-01;Total;70498388;25136912;95634593;-1.1%;Entire World
2019-01-01;Argentina;108364;206423;314787;-32.5%;South America
2019-01-01;Austria;158400;21000;179400;8.8%;Europe
2019-01-01;Belgium;247020;38777;285797;-7.4%;Europe
2019-01-01;Brazil;2448490;496498;2944988;2.2%;South America
2019-01-01;Canada;461370;1455215;1916585;-5.4%;North America
2019-01-01;China;21360193;4360472;25720665;-7.5%;Asia
2019-01-01;Czechia;1427563;6400;1433963;-0.6%;Europe
2019-01-01;Egypt;18500;0;18500;0%;Africa
2019-01-01;Finland;114785;0;114785;2.5%;Europe
2019-01-01;France;1675198;527262;2202460;-2.9%;Europe
2019-01-01;Germany;4661328;0;4661328;-9%;Europe
2019-01-01;Hungary;498158;0;498158;7.6%;Europe
2019-01-01;India;3623335;892682;4516017;-12.2%;Asia
2019-01-01;Indonesia;1045666;241182;1286848;-4.2%;Asia
2019-01-01;Iran;770000;51060;821060;-25%;Asia
2019-01-01;Italy;542007;373298;915305;-13.8%;Europe
2019-01-01;Japan;8328756;1355542;9684298;-0.5%;Asia
2019-01-01;Malaysia;534115;37517;571632;1.2%;Asia
2019-01-01;Morocco;360110;34542;394652;-1.8%;Africa
2019-01-01;Mexico;1382714;2604080;3986794;-2.8%;North America
2019-01-01;Poland;434700;215164;649864;-1.5%;Europe
2019-01-01;Portugal;282142;63562;345704;17.4%;Europe
2019-01-01;Romania;490412;0;490412;2.9%;Europe
2019-01-01;Russia;1523594;196190;1719784;-2.8%;Europe
2019-01-01;Serbia;34985;130;35115;-37.8%;Europe
2019-01-01;Slovakia;1100000;0;1100000;0.6%;Europe
2019-01-01;Slovenia;199102;0;199102;-4.9%;Europe
2019-01-01;South africa;348665;283318;631983;3.5%;Africa
2019-01-01;South korea;3612587;338030;3950617;-1.9%;Asia
2019-01-01;Spain;2248019;574336;2822355;0.1%;Europe
2019-01-01;Taiwan;189549;61755;251304;-0.8%;Asia
2019-01-01;Thailand;795254;1218456;2013710;-7.1%;Asia
2019-01-01;Turkey;982642;478602;1461244;-5.7%;Asia
2019-01-01;Ukraine;6254;1011;7265;9.7%;Europe
2019-01-01;United kingdom;1303135;78270;1381405;-13.9%;Europe
2019-01-01;Usa;2512780;8367239;10880019;-3.7%;North America
2019-01-01;Uzbekistan;271113;0;271113;22.9%;Asia
2019-01-01;Others;1048191;59652;1108503;0%;Other
2019-01-01;Total;67149196;24637665;91786861;-5.2%;Entire World
2020-01-01;Argentina;93001;164186;257187;-18%;South America
2020-01-01;Austria;104544;0;104544;-42%;Europe
2020-01-01;Belgium;237057;30403;267460;-6%;Europe
2020-01-01;Brazil;1608870;405185;2014055;-32%;South America
2020-01-01;Canada;327681;1048942;1376623;-28%;North America
2020-01-01;China;19994081;5231161;25225242;-2%;Asia
2020-01-01;Czech republic;1152901;6250;1159151;-19%;Europe
2020-01-01;Egypt;23754;0;23754;28%;Africa
2020-01-01;Finland;86270;0;86270;-25%;Europe
2020-01-01;France;927718;388653;1316371;-39%;Europe
2020-01-01;Germany;3515372;227082;3742454;-24%;Europe
2020-01-01;Hungary;406497;0;406497;-18%;Europe
2020-01-01;India;2851268;543178;3394446;-25%;Asia
2020-01-01;Indonesia;551400;139886;691286;-46%;Asia
2020-01-01;Iran;826210;54787;880997;7%;Asia
2020-01-01;Italy;451826;325339;777165;-15%;Europe
2020-01-01;Japan;6960025;1107532;8067557;-17%;Asia
2020-01-01;Kazakhstan;64790;10041;74831;51%;Asia
2020-01-01;Malaysia;457755;27431;485186;-15%;Asia
2020-01-01;Morocco;221299;27131;248430;-38%;Africa
2020-01-01;Mexico;967479;2209121;3176600;-21%;North America
2020-01-01;Poland;278900;172482;451382;-31%;Europe
2020-01-01;Portugal;211281;52955;264236;-24%;Europe
2020-01-01;Romania;438107;0;438107;-11%;Europe
2020-01-01;Russia;1260517;174818;1435335;-17%;Europe
2020-01-01;Serbia;23272;103;23375;-33%;Europe
2020-01-01;Slovakia;985000;0;985000;-11%;Europe
2020-01-01;Slovenia;141714;0;141714;-29%;Europe
2020-01-01;South africa;238216;209002;447218;-29%;Africa
2020-01-01;South korea;3211706;295068;3506774;-11%;Asia
2020-01-01;Spain;1800664;467521;2268185;-20%;Europe
2020-01-01;Taiwan;180967;64648;245615;-2%;Asia
2020-01-01;Thailand;537633;889441;1427074;-29%;Asia
2020-01-01;Turkey;855043;442835;1297878;-11%;Asia
2020-01-01;Ukraine;4202;750;4952;-32%;Europe
2020-01-01;United kingdom;920928;66116;987044;-29%;Europe
2020-01-01;Usa;1926795;6895604;8822399;-19%;North America
2020-01-01;Uzbekistan;280080;0;280080;3%;Asia
2020-01-01;Others;709633;109475;819108;0%;Other
2020-01-01;Total;55834456;21787126;77621582;-16%;Entire World
2021-01-01;Argentina;184106;250647;434753;69%;South America
2021-01-01;Austria;124700;12000;136700;9%;Europe
2021-01-01;Belgium;224180;36858;261038;-2%;Europe
2021-01-01;Brazil;1707851;540402;2248253;12%;South America
2021-01-01;Canada;288235;826767;1115002;-19%;North America
2021-01-01;China;21407962;4674258;26082220;3%;Asia
2021-01-01;Czech republic;1105223;6209;1111432;-4%;Europe
2021-01-01;Egypt;23754;0;23754;0%;Africa
2021-01-01;Finland;93172;0;93172;8%;Europe
2021-01-01;France;917907;433401;1351308;3%;Europe
2021-01-01;Germany;3096165;212527;3308692;-12%;Europe
2021-01-01;Hungary;394302;0;394302;-3%;Europe
2021-01-01;India;3631095;768017;4399112;30%;Asia
2021-01-01;Indonesia;889756;232211;1121967;63%;Asia
2021-01-01;Italy;442432;353424;795856;2%;Europe
2021-01-01;Japan;6619242;1227713;7846955;-3%;Asia
2021-01-01;Kazakhstan;80679;11738;92417;24%;Asia
2021-01-01;Malaysia;446431;35220;481651;-1%;Asia
2021-01-01;Morocco;338339;64668;403007;23%;Africa
2021-01-01;Mexico;708242;2437411;3145653;-1%;North America
2021-01-01;Poland;260800;178621;439421;-3%;Europe
2021-01-01;Portugal;229221;60733;289954;10%;Europe
2021-01-01;Romania;420755;0;420755;-4%;Europe
2021-01-01;Russia;1352740;213577;1566317;9%;Europe
2021-01-01;Serbia;21109;154;21263;-9%;Europe
2021-01-01;Slovakia;1000000;0;1000000;1%;Europe
2021-01-01;Slovenia;95797;0;95797;-32%;Europe
2021-01-01;South africa;239267;259820;499087;12%;Africa
2021-01-01;South korea;3162727;299677;3462404;-1%;Asia
2021-01-01;Spain;1662174;435959;2098133;-8%;Europe
2021-01-01;Taiwan;196749;68571;265320;8%;Asia
2021-01-01;Thailand;594690;1091015;1685705;18%;Asia
2021-01-01;Turkey;782835;493305;1276140;-2%;Asia
2021-01-01;Ukraine;7342;811;8153;65%;Europe
2021-01-01;United kingdom;859575;72913;932488;-6%;Europe
2021-01-01;Usa;1563060;7604154;9167214;4%;North America
2021-01-01;Uzbekistan;236667;4982;241649;-15%;Asia
2021-01-01;Others;1645014;183930;1828944;0%;Other
2021-01-01;Total;57054295;23091693;80145988;3%;Entire World
2022-01-01;Argentina;257505;279388;536893;24%;South America
2022-01-01;Austria;107500;0;107500;-21%;Europe
2022-01-01;Belgium;232100;44454;276554;6%;Europe
2022-01-01;Brazil;1824833;544936;2369769;5%;South America
2022-01-01;Canada;289371;939364;1228735;10%;North America
2022-01-01;China;23836083;3184532;27020615;3%;Asia
2022-01-01;Czech republic;1217787;6669;1224456;10%;Europe
2022-01-01;Finland;73044;0;73044;-15%;Europe
2022-01-01;France;1010466;372707;1383173;2%;Europe
2022-01-01;Germany;3480357;197463;3677820;11%;Europe
2022-01-01;Hungary;441729;0;441729;6%;Europe
2022-01-01;India;4439039;1017818;5456857;24%;Asia
2022-01-01;Indonesia;1214250;255896;1470146;31%;Asia
2022-01-01;Italy;473194;323200;796394;0%;Europe
2022-01-01;Japan;6566356;1269163;7835519;0%;Asia
2022-01-01;Kazakhstan;103345;9195;112540;22%;Asia
2022-01-01;Malaysia;650190;52085;702275;46%;Asia
2022-01-01;Morocco;404742;60122;464864;15%;Africa
2022-01-01;Mexico;658001;2851071;3509072;10%;North America
2022-01-01;Poland;255100;228740;483840;10%;Europe
2022-01-01;Portugal;256018;66386;322404;11%;Europe
2022-01-01;Romania;509465;0;509465;21%;Europe
2022-01-01;Russia;448897;159563;608460;-61%;Europe
2022-01-01;Serbia;4358;140;4498;-79%;Europe
2022-01-01;Slovakia;1000000;0;1000000;-3%;Europe
2022-01-01;Slovenia;68130;0;68130;-29%;Europe
2022-01-01;South africa;309423;246466;555889;11%;Africa
2022-01-01;South korea;3438355;318694;3757049;9%;Asia
2022-01-01;Spain;1785432;434030;2219462;6%;Europe
2022-01-01;Taiwan;191409;69854;261263;-2%;Asia
2022-01-01;Thailand;594057;1289458;1883515;12%;Asia
2022-01-01;Turkey;810889;541759;1352648;6%;Asia
2022-01-01;Ukraine;1490;0;1490;-82%;Europe
2022-01-01;United kingdom;775014;101600;876614;-6%;Europe
2022-01-01;Usa;1751736;8308603;10060339;10%;North America
2022-01-01;Uzbekistan;328118;5451;333569;38%;Asia
2022-01-01;Others;1790867;239271;2030138;0%;Other
2022-01-01;Total;61598650;23418078;85016728;6%;Entire World
2023-01-01;Argentina;304783;305942;610725;14%;South America
2023-01-01;Austria;102291;11900;114191;-6%;Europe
2023-01-01;Belgium;285159;46944;332103;16%;Europe
2023-01-01;Brazil;1781612;543226;2324838;-2%;South America
2023-01-01;Canada;376888;1176138;1553026;26%;North America
2023-01-01;China;26123757;4037209;30160966;12%;Asia
2023-01-01;Czech republic;1397816;6685;1404501;15%;Europe
2023-01-01;Finland;30191;0;30191;-59%;Europe
2023-01-01;France;1026690;478386;1505076;9%;Europe
2023-01-01;Germany;4109371;0;4109371;18%;Europe
2023-01-01;Hungary;507225;0;507225;15%;Europe
2023-01-01;India;4783628;1067879;5851507;7%;Asia
2023-01-01;Indonesia;1180355;215362;1395717;-5%;Asia
2023-01-01;Italy;541953;338132;880085;11%;Europe
2023-01-01;Japan;7765428;1232012;8997440;15%;Asia
2023-01-01;Kazakhstan;134054;12935;146989;30%;Asia
2023-01-01;Malaysia;724891;49709;774600;10%;Asia
2023-01-01;Morocco;471950;63875;535825;15%;Africa
2023-01-01;Mexico;903753;3098294;4002047;14%;North America
2023-01-01;Poland;299300;313582;612882;27%;Europe
2023-01-01;Portugal;243201;75030;318231;-1%;Europe
2023-01-01;Romania;513050;0;513050;1%;Europe
2023-01-01;Russia;526439;203425;729864;20%;Europe
2023-01-01;Slovakia;1080000;0;1080000;10%;Europe
2023-01-01;Slovenia;60881;0;60881;-11%;Europe
2023-01-01;South africa;336980;296357;633337;14%;Africa
2023-01-01;South korea;3908747;334850;4243597;13%;Asia
2023-01-01;Spain;1907050;544171;2451221;10%;Europe
2023-01-01;Taiwan;221329;64633;285962;10%;Asia
2023-01-01;Thailand;580857;1260806;1841663;-2%;Asia
2023-01-01;Turkey;952667;515726;1468393;9%;Asia
2023-01-01;Ukraine;1993;0;1993;34%;Europe
2023-01-01;United kingdom;905117;120357;1025474;17%;Europe
2023-01-01;Usa;1745171;8866384;10611555;6%;North America
2023-01-01;Uzbekistan;421414;4462;425876;25%;Asia
2023-01-01;Others;877579;1128618;2006197;0%;Other
2023-01-01;Total;67133570;26413029;93546599;10%;Entire World
