Year,Country_Name,Nbr_Cars,Nbr_Commercial_Vehicle,Total,Percent_Change,Continent,Lower CI,Upper CI
2000-01-01,Argentina,238921.0,100711.0,339632.0,11.4%,South America,,
2000-01-01,Australia,323649.0,23473.0,347122.0,14.6%,Oceania,,
2000-01-01,Austria,115979.0,25047.0,141026.0,1.2%,Europe,,
2000-01-01,Belgium,912233.0,121061.0,1033294.0,1.6%,Europe,,
2000-01-01,Brazil,1351998.0,329519.0,1681517.0,24.5%,South America,,
2000-01-01,Canada,1550500.0,1411136.0,2961636.0,-3.2%,North America,,
2000-01-01,China,604677.0,1464392.0,2069069.0,13.1%,Asia,,
2000-01-01,Czechia,428224.0,27268.0,455492.0,21.1%,Europe,,
2000-01-01,Egypt,39616.0,20149.0,59765.0,-21.4%,Africa,,
2000-01-01,Finland,38468.0,458.0,38926.0,13.2%,Europe,,
2000-01-01,France,2879810.0,468551.0,3348361.0,5.3%,Europe,,
2000-01-01,Germany,5131918.0,394697.0,5526615.0,-2.8%,Europe,,
2000-01-01,Hungary,134029.0,3369.0,137398.0,7.2%,Europe,,
2000-01-01,India,517957.0,283403.0,801360.0,-2.1%,Asia,,
2000-01-01,Indonesia,257058.0,35652.0,292710.0,228.9%,Asia,,
2000-01-01,Iran,274985.0,3000.0,277985.0,132.8%,Asia,,
2000-01-01,Italy,1422284.0,316031.0,1738315.0,2.2%,Europe,,
2000-01-01,Japan,8359434.0,1781362.0,10140796.0,2.5%,Asia,,
2000-01-01,Malaysia,280283.0,2547.0,282830.0,11.3%,Asia,,
2000-01-01,Mexico,1279089.0,656438.0,1935527.0,24.9%,North America,,
2000-01-01,Netherlands,215085.0,52234.0,267319.0,-13.0%,Europe,,
2000-01-01,Poland,481689.0,23283.0,504972.0,-12.2%,Europe,,
2000-01-01,Portugal,178509.0,68215.0,246724.0,-2.2%,Europe,,
2000-01-01,Romania,64181.0,13984.0,78165.0,-26.9%,Europe,,
2000-01-01,Russia,969235.0,236346.0,1205581.0,3.1%,Europe,,
2000-01-01,Serbia,11091.0,1649.0,12740.0,141.8%,Europe,,
2000-01-01,Slovakia,181333.0,450.0,181783.0,43.3%,Europe,,
2000-01-01,Slovenia,122949.0,0.0,122949.0,4.1%,Europe,,
2000-01-01,South africa,230577.0,126787.0,357364.0,12.6%,Africa,,
2000-01-01,South korea,2602008.0,512990.0,3114998.0,9.6%,Asia,,
2000-01-01,Spain,2366359.0,666515.0,3032874.0,6.3%,Europe,,
2000-01-01,Sweden,259959.0,41384.0,301343.0,20.2%,Europe,,
2000-01-01,Taiwan,263013.0,109600.0,372613.0,5.6%,Asia,,
2000-01-01,Thailand,97129.0,314592.0,411721.0,27.6%,Asia,,
2000-01-01,Turkey,297476.0,133471.0,430947.0,44.7%,Asia,,
2000-01-01,Ukraine,18124.0,13131.0,31255.0,63.0%,Europe,,
2000-01-01,United kingdom,1641452.0,172442.0,1813894.0,-8.1%,Europe,,
2000-01-01,Usa,5542217.0,7257640.0,12799857.0,-1.7%,North America,,
2000-01-01,Uzbekistan,32273.0,0.0,32273.0,-27.4%,Asia,,
2000-01-01,Others,127445.0,63204.0,190649.0,59.3%,Other,,
2001-01-01,Argentina,169580.0,65978.0,235558.0,-30.6%,South America,,
2001-01-01,Australia,285870.0,33505.0,319375.0,-8.0%,Oceania,,
2001-01-01,Austria,131098.0,24305.0,155403.0,10.2%,Europe,,
2001-01-01,Belgium,1058656.0,128601.0,1187257.0,14.9%,Europe,,
2001-01-01,Brazil,1501586.0,315651.0,1817237.0,8.1%,South America,,
2001-01-01,Canada,1274853.0,1257889.0,2532742.0,-14.5%,North America,,
2001-01-01,China,703521.0,1630919.0,2334440.0,12.8%,Asia,,
2001-01-01,Czechia,456927.0,8341.0,465268.0,2.1%,Europe,,
2001-01-01,Egypt,37006.0,19091.0,56097.0,-6.1%,Africa,,
2001-01-01,Finland,41916.0,404.0,42320.0,8.7%,Europe,,
2001-01-01,France,3181549.0,446869.0,3628418.0,8.4%,Europe,,
2001-01-01,Germany,5301189.0,390488.0,5691677.0,3.0%,Europe,,
2001-01-01,Hungary,140401.0,3912.0,144313.0,5.0%,Europe,,
2001-01-01,India,654557.0,160054.0,814611.0,1.7%,Asia,,
2001-01-01,Indonesia,32237.0,246950.0,279187.0,-4.6%,Asia,,
2001-01-01,Iran,316334.0,6882.0,323216.0,16.3%,Asia,,
2001-01-01,Italy,1271780.0,307916.0,1579696.0,-9.1%,Europe,,
2001-01-01,Japan,8117563.0,1659628.0,9777191.0,-3.6%,Asia,,
2001-01-01,Malaysia,344686.0,14099.0,358785.0,26.9%,Asia,,
2001-01-01,Mexico,1000715.0,840293.0,1841008.0,-4.9%,North America,,
2001-01-01,Netherlands,189261.0,49682.0,238943.0,-10.6%,Europe,,
2001-01-01,Poland,335996.0,11879.0,347875.0,-31.1%,Europe,,
2001-01-01,Portugal,177357.0,62362.0,239719.0,-2.8%,Europe,,
2001-01-01,Romania,56774.0,11987.0,68761.0,-12.0%,Europe,,
2001-01-01,Russia,1021682.0,229000.0,1250682.0,3.7%,Europe,,
2001-01-01,Serbia,7489.0,1490.0,8979.0,-29.5%,Europe,,
2001-01-01,Slovakia,181644.0,359.0,182003.0,0.1%,Europe,,
2001-01-01,Slovenia,116082.0,0.0,116082.0,-5.6%,Europe,,
2001-01-01,South africa,270538.0,136498.0,407036.0,13.9%,Africa,,
2001-01-01,South korea,2471444.0,474885.0,2946329.0,-5.4%,Asia,,
2001-01-01,Spain,2211172.0,638716.0,2849888.0,-6.0%,Europe,,
2001-01-01,Sweden,251035.0,38112.0,289147.0,-4.0%,Europe,,
2001-01-01,Taiwan,195109.0,76595.0,271704.0,-27.1%,Asia,,
2001-01-01,Thailand,156066.0,303352.0,459418.0,11.6%,Asia,,
2001-01-01,Turkey,175343.0,95342.0,270685.0,-37.2%,Asia,,
2001-01-01,Ukraine,24995.0,6829.0,31824.0,1.8%,Europe,,
2001-01-01,United kingdom,1492365.0,192873.0,1685238.0,-7.1%,Europe,,
2001-01-01,Usa,4879119.0,6545570.0,11424689.0,-10.7%,North America,,
2001-01-01,Uzbekistan,32425.0,8580.0,41005.0,27.1%,Asia,,
2001-01-01,Others,121532.0,52617.0,174149.0,-8.7%,Other,,
2002-01-01,Argentina,111340.0,48061.0,159401.0,-32.3%,South America,,
2002-01-01,Australia,306876.0,36996.0,343872.0,7.7%,Oceania,,
2002-01-01,Austria,132768.0,19851.0,152619.0,-1.8%,Europe,,
2002-01-01,Belgium,936903.0,120286.0,1057189.0,-11.0%,Europe,,
2002-01-01,Brazil,1520285.0,271245.0,1791530.0,-1.4%,South America,,
2002-01-01,Canada,1369042.0,1260395.0,2629437.0,3.8%,North America,,
2002-01-01,China,1101696.0,2185108.0,3286804.0,40.8%,Asia,,
2002-01-01,Czechia,441312.0,5776.0,447088.0,-3.9%,Europe,,
2002-01-01,Egypt,27422.0,17751.0,45173.0,-19.5%,Africa,,
2002-01-01,Finland,41068.0,393.0,41461.0,-2.0%,Europe,,
2002-01-01,France,3292797.0,309073.0,3601870.0,-0.7%,Europe,,
2002-01-01,Germany,5123238.0,346071.0,5469309.0,-3.9%,Europe,,
2002-01-01,Hungary,138239.0,3274.0,141513.0,-1.9%,Europe,,
2002-01-01,India,703948.0,190848.0,894796.0,9.8%,Asia,,
2002-01-01,Indonesia,193492.0,105765.0,299257.0,7.2%,Asia,,
2002-01-01,Iran,439116.0,12959.0,452075.0,39.9%,Asia,,
2002-01-01,Italy,1125769.0,301312.0,1427081.0,-9.7%,Europe,,
2002-01-01,Japan,8618354.0,1638961.0,10257315.0,4.9%,Asia,,
2002-01-01,Malaysia,380000.0,15380.0,395380.0,10.2%,Asia,,
2002-01-01,Mexico,960097.0,844573.0,1804670.0,-2.0%,North America,,
2002-01-01,Netherlands,182368.0,48923.0,231291.0,-3.2%,Europe,,
2002-01-01,Poland,287534.0,23598.0,311132.0,-10.6%,Europe,,
2002-01-01,Portugal,182573.0,68259.0,250832.0,4.6%,Europe,,
2002-01-01,Romania,65266.0,14190.0,79456.0,15.6%,Europe,,
2002-01-01,Russia,980061.0,239689.0,1219750.0,-2.5%,Europe,,
2002-01-01,Serbia,10271.0,1701.0,11972.0,33.3%,Europe,,
2002-01-01,Slovakia,225442.0,276.0,225718.0,24.0%,Europe,,
2002-01-01,Slovenia,126661.0,0.0,126661.0,9.1%,Europe,,
2002-01-01,South africa,276499.0,127942.0,404441.0,-0.6%,Africa,,
2002-01-01,South korea,2651273.0,496311.0,3147584.0,6.8%,Asia,,
2002-01-01,Spain,2266902.0,588337.0,2855239.0,0.2%,Europe,,
2002-01-01,Sweden,237975.0,38218.0,276193.0,-4.5%,Europe,,
2002-01-01,Taiwan,231506.0,102193.0,333699.0,22.8%,Asia,,
2002-01-01,Thailand,169321.0,415630.0,584951.0,27.3%,Asia,,
2002-01-01,Turkey,204198.0,142367.0,346565.0,28.0%,Asia,,
2002-01-01,Ukraine,50393.0,3380.0,53773.0,69.0%,Europe,,
2002-01-01,United kingdom,1629934.0,193084.0,1823018.0,8.2%,Europe,,
2002-01-01,Usa,5018777.0,7260805.0,12279582.0,7.5%,North America,,
2002-01-01,Uzbekistan,22705.0,6849.0,29554.0,-27.9%,Asia,,
2002-01-01,Others,119255.0,49106.0,168361.0,-3.3%,Other,,
2003-01-01,Argentina,109364.0,59812.0,169176.0,6.1%,South America,,
2003-01-01,Australia,365611.0,47650.0,413261.0,20.2%,Oceania,,
2003-01-01,Austria,118650.0,21006.0,139656.0,-8.5%,Europe,,
2003-01-01,Belgium,791703.0,112680.0,909383.0,-14.5%,Europe,,
2003-01-01,Brazil,1505139.0,322652.0,1827791.0,2.0%,South America,,
2003-01-01,Canada,1340175.0,1212687.0,2552862.0,-2.9%,North America,,
2003-01-01,China,2018875.0,2424811.0,4443686.0,35.2%,Asia,,
2003-01-01,Czechia,436279.0,5420.0,441699.0,-1.2%,Europe,,
2003-01-01,Egypt,32581.0,17431.0,50012.0,10.7%,Africa,,
2003-01-01,Finland,19226.0,432.0,19658.0,-52.6%,Europe,,
2003-01-01,France,3220329.0,399737.0,3620066.0,0.5%,Europe,,
2003-01-01,Germany,5145403.0,361226.0,5506629.0,0.7%,Europe,,
2003-01-01,Hungary,122338.0,3778.0,126116.0,-10.9%,Europe,,
2003-01-01,India,907968.0,253555.0,1161523.0,29.8%,Asia,,
2003-01-01,Indonesia,203196.0,118848.0,322044.0,7.6%,Asia,,
2003-01-01,Iran,516930.0,65169.0,582099.0,28.8%,Asia,,
2003-01-01,Italy,1026454.0,295177.0,1321631.0,-7.4%,Europe,,
2003-01-01,Japan,8478328.0,1807890.0,10286218.0,0.3%,Asia,,
2003-01-01,Malaysia,324911.0,19373.0,344284.0,-12.9%,Asia,,
2003-01-01,Mexico,774048.0,801399.0,1575447.0,-12.7%,North America,,
2003-01-01,Netherlands,163080.0,52201.0,215281.0,-6.9%,Europe,,
2003-01-01,Poland,306847.0,15214.0,322061.0,3.5%,Europe,,
2003-01-01,Portugal,165576.0,73785.0,239361.0,-4.6%,Europe,,
2003-01-01,Romania,75706.0,19541.0,95247.0,19.9%,Europe,,
2003-01-01,Russia,1010436.0,268356.0,1278792.0,4.8%,Europe,,
2003-01-01,Serbia,12996.0,907.0,13903.0,16.1%,Europe,,
2003-01-01,Slovakia,281160.0,187.0,281347.0,24.6%,Europe,,
2003-01-01,Slovenia,110597.0,7602.0,118199.0,-6.7%,Europe,,
2003-01-01,South africa,291249.0,130086.0,421335.0,4.2%,Africa,,
2003-01-01,South korea,2767716.0,410154.0,3177870.0,1.0%,Asia,,
2003-01-01,Spain,2399374.0,630452.0,3029826.0,6.1%,Europe,,
2003-01-01,Sweden,280394.0,42638.0,323032.0,17.0%,Europe,,
2003-01-01,Taiwan,264837.0,121849.0,386686.0,15.9%,Asia,,
2003-01-01,Thailand,251691.0,490371.0,742062.0,26.9%,Asia,,
2003-01-01,Turkey,294116.0,239238.0,533354.0,53.9%,Asia,,
2003-01-01,Ukraine,103000.0,4890.0,107890.0,100.6%,Europe,,
2003-01-01,United kingdom,1657558.0,188871.0,1846429.0,1.3%,Europe,,
2003-01-01,Usa,4510469.0,7604502.0,12114971.0,-1.3%,North America,,
2003-01-01,Uzbekistan,39196.0,7278.0,46474.0,57.3%,Asia,,
2003-01-01,Others,144607.0,66666.0,211753.0,25.5%,Other,,
2004-01-01,Argentina,171400.0,89002.0,260402.0,53.9%,South America,,
2004-01-01,Australia,337510.0,73896.0,411406.0,-0.4%,Oceania,,
2004-01-01,Austria,227244.0,21474.0,248718.0,78.1%,Europe,,
2004-01-01,Belgium,857119.0,43154.0,900273.0,-0.5%,Europe,,
2004-01-01,Brazil,1862780.0,454447.0,2317227.0,26.8%,South America,,
2004-01-01,Canada,1335516.0,1376020.0,2711536.0,6.2%,North America,,
2004-01-01,China,2480231.0,2754265.0,5234496.0,17.8%,Asia,,
2004-01-01,Czechia,443065.0,5295.0,448360.0,1.5%,Europe,,
2004-01-01,Egypt,34591.0,14744.0,49335.0,-1.4%,Africa,,
2004-01-01,Finland,10051.0,459.0,10510.0,-46.5%,Europe,,
2004-01-01,France,3227416.0,438574.0,3665990.0,1.3%,Europe,,
2004-01-01,Germany,5192101.0,377853.0,5569954.0,1.1%,Europe,,
2004-01-01,Hungary,118590.0,4076.0,122666.0,-2.7%,Europe,,
2004-01-01,India,1178354.0,332803.0,1511157.0,30.1%,Asia,,
2004-01-01,Indonesia,262752.0,145559.0,408311.0,26.8%,Asia,,
2004-01-01,Iran,707773.0,80885.0,788658.0,35.5%,Asia,,
2004-01-01,Italy,833578.0,308527.0,1142105.0,-13.6%,Europe,,
2004-01-01,Japan,8720385.0,1791133.0,10511518.0,2.2%,Asia,,
2004-01-01,Malaysia,364852.0,107123.0,471975.0,37.1%,Asia,,
2004-01-01,Mexico,903313.0,673846.0,1577159.0,0.1%,North America,,
2004-01-01,Netherlands,187600.0,59903.0,247503.0,15.0%,Europe,,
2004-01-01,Poland,523000.0,78000.0,601000.0,86.6%,Europe,,
2004-01-01,Portugal,150781.0,75947.0,226728.0,-5.3%,Europe,,
2004-01-01,Romania,98997.0,23188.0,122185.0,28.3%,Europe,,
2004-01-01,Russia,1110079.0,276048.0,1386127.0,8.4%,Europe,,
2004-01-01,Serbia,13266.0,1928.0,15194.0,9.3%,Europe,,
2004-01-01,Slovakia,223542.0,0.0,223542.0,-20.5%,Europe,,
2004-01-01,Slovenia,116609.0,15037.0,131646.0,11.4%,Europe,,
2004-01-01,South africa,300963.0,154739.0,455702.0,8.2%,Africa,,
2004-01-01,South korea,3122600.0,346864.0,3469464.0,9.2%,Asia,,
2004-01-01,Spain,2402501.0,609673.0,3012174.0,-0.6%,Europe,,
2004-01-01,Sweden,290383.0,49887.0,340270.0,5.3%,Europe,,
2004-01-01,Taiwan,299639.0,131175.0,430814.0,11.4%,Asia,,
2004-01-01,Thailand,299439.0,628542.0,927981.0,25.1%,Asia,,
2004-01-01,Turkey,447152.0,376256.0,823408.0,54.4%,Asia,,
2004-01-01,Ukraine,179098.0,7792.0,186890.0,73.2%,Europe,,
2004-01-01,United kingdom,1647246.0,209293.0,1856539.0,0.5%,Europe,,
2004-01-01,Usa,4229625.0,7759762.0,11989387.0,-1.0%,North America,,
2004-01-01,Uzbekistan,66896.0,13833.0,80729.0,73.7%,Asia,,
2004-01-01,Others,226533.0,84517.0,311050.0,47.2%,Other,,
2005-01-01,Argentina,182761.0,136994.0,319755.0,22.8%,South America,,
2005-01-01,Australia,316414.0,78299.0,394713.0,-4.1%,Oceania,,
2005-01-01,Austria,230505.0,22774.0,253279.0,1.8%,Europe,,
2005-01-01,Belgium,895109.0,31406.0,926515.0,2.9%,Europe,,
2005-01-01,Brazil,2011817.0,519023.0,2530840.0,9.2%,South America,,
2005-01-01,Canada,1356271.0,1331621.0,2687892.0,-0.9%,North America,,
2005-01-01,China,3941767.0,1775852.0,5717619.0,9.2%,Asia,,
2005-01-01,Czechia,596774.0,5463.0,602237.0,34.3%,Europe,,
2005-01-01,Egypt,43638.0,20911.0,64549.0,30.8%,Africa,,
2005-01-01,Finland,21233.0,411.0,21644.0,105.9%,Europe,,
2005-01-01,France,3112961.0,436047.0,3549008.0,-3.2%,Europe,,
2005-01-01,Germany,5350187.0,407523.0,5757710.0,3.4%,Europe,,
2005-01-01,Hungary,148533.0,3482.0,152015.0,23.9%,Europe,,
2005-01-01,India,1264111.0,374563.0,1638674.0,8.4%,Asia,,
2005-01-01,Indonesia,332590.0,168120.0,500710.0,22.6%,Asia,,
2005-01-01,Iran,923800.0,153390.0,1077190.0,36.6%,Asia,,
2005-01-01,Italy,725528.0,312824.0,1038352.0,-9.1%,Europe,,
2005-01-01,Japan,9016735.0,1782924.0,10799659.0,2.7%,Asia,,
2005-01-01,Malaysia,404571.0,158837.0,563408.0,19.4%,Asia,,
2005-01-01,Mexico,846048.0,838190.0,1684238.0,6.8%,North America,,
2005-01-01,Netherlands,115121.0,65627.0,180748.0,-27.0%,Europe,,
2005-01-01,Poland,540100.0,73100.0,613200.0,2.0%,Europe,,
2005-01-01,Portugal,137602.0,83458.0,221060.0,-2.5%,Europe,,
2005-01-01,Romania,174538.0,20644.0,194802.0,59.4%,Europe,,
2005-01-01,Russia,1068511.0,285993.0,1354504.0,-2.3%,Europe,,
2005-01-01,Serbia,12574.0,1605.0,14179.0,-6.7%,Europe,,
2005-01-01,Slovakia,218349.0,0.0,218349.0,-2.3%,Europe,,
2005-01-01,Slovenia,138393.0,39558.0,177951.0,35.2%,Europe,,
2005-01-01,South africa,324875.0,200352.0,525227.0,15.3%,Africa,,
2005-01-01,South korea,3357094.0,342256.0,3699350.0,6.6%,Asia,,
2005-01-01,Spain,2098168.0,654332.0,2752500.0,-8.6%,Europe,,
2005-01-01,Sweden,288659.0,50570.0,339229.0,-0.3%,Europe,,
2005-01-01,Taiwan,323819.0,122526.0,446345.0,3.6%,Asia,,
2005-01-01,Thailand,277562.0,845150.0,1122712.0,21.0%,Asia,,
2005-01-01,Turkey,453663.0,425789.0,879452.0,6.8%,Asia,,
2005-01-01,Ukraine,196722.0,19037.0,215759.0,15.4%,Europe,,
2005-01-01,United kingdom,1596356.0,206753.0,1803109.0,-2.9%,Europe,,
2005-01-01,Usa,4321272.0,7625381.0,11946653.0,-0.4%,North America,,
2005-01-01,Uzbekistan,87512.0,8302.0,95814.0,18.7%,Asia,,
2005-01-01,Others,372593.0,122898.0,495491.0,59.3%,Other,,
2006-01-01,Argentina,263120.0,168981.0,432101.0,35.1%,South America,,
2006-01-01,Australia,270000.0,60900.0,330900.0,-16.2%,Oceania,,
2006-01-01,Austria,248059.0,26873.0,274932.0,8.6%,Europe,,
2006-01-01,Belgium,881929.0,36127.0,918056.0,-1.2%,Europe,,
2006-01-01,Brazil,2092029.0,519005.0,2611034.0,3.3%,South America,,
2006-01-01,Canada,1389536.0,1182756.0,2572292.0,-4.3%,North America,,
2006-01-01,China,5233132.0,1955576.0,7188708.0,25.9%,Asia,,
2006-01-01,Czechia,848922.0,5985.0,854907.0,41.3%,Europe,,
2006-01-01,Egypt,59462.0,32056.0,91518.0,41.8%,Africa,,
2006-01-01,Finland,32417.0,353.0,32770.0,51.4%,Europe,,
2006-01-01,France,2723196.0,446023.0,3169219.0,-10.7%,Europe,,
2006-01-01,Germany,5398508.0,421106.0,5819614.0,1.1%,Europe,,
2006-01-01,Hungary,187633.0,3190.0,190823.0,25.5%,Europe,,
2006-01-01,India,1473000.0,546808.0,2019808.0,24.2%,Asia,,
2006-01-01,Indonesia,256285.0,40777.0,297062.0,-40.7%,Asia,,
2006-01-01,Iran,800000.0,104500.0,904500.0,10.7%,Asia,,
2006-01-01,Italy,892502.0,319092.0,1211594.0,16.7%,Europe,,
2006-01-01,Japan,9756515.0,1727718.0,11484233.0,6.3%,Asia,,
2006-01-01,Malaysia,377952.0,125021.0,502973.0,-10.8%,Asia,,
2006-01-01,Mexico,1097619.0,947899.0,2045518.0,22.4%,North America,,
2006-01-01,Netherlands,87332.0,72122.0,159454.0,-11.8%,Europe,,
2006-01-01,Poland,632300.0,82300.0,714600.0,14.2%,Europe,,
2006-01-01,Portugal,143478.0,83847.0,227325.0,3.7%,Europe,,
2006-01-01,Romania,201663.0,11934.0,213597.0,9.6%,Europe,,
2006-01-01,Russia,1177918.0,330440.0,1508358.0,11.6%,Europe,,
2006-01-01,Serbia,9832.0,1350.0,11182.0,-21.1%,Europe,,
2006-01-01,Slovakia,295391.0,0.0,295391.0,35.3%,Europe,,
2006-01-01,Slovenia,115000.0,35320.0,150320.0,-15.5%,Europe,,
2006-01-01,South africa,334482.0,253237.0,587719.0,11.9%,Africa,,
2006-01-01,South korea,3489136.0,350966.0,3840102.0,3.8%,Asia,,
2006-01-01,Spain,2078639.0,698796.0,2777435.0,0.9%,Europe,,
2006-01-01,Sweden,288583.0,44585.0,333168.0,-1.6%,Europe,,
2006-01-01,Taiwan,211306.0,91915.0,303221.0,-32.1%,Asia,,
2006-01-01,Thailand,298819.0,895607.0,1194426.0,6.1%,Asia,,
2006-01-01,Turkey,545682.0,442098.0,987780.0,12.4%,Asia,,
2006-01-01,Ukraine,274860.0,20400.0,295260.0,36.8%,Europe,,
2006-01-01,United kingdom,1442085.0,206303.0,1648388.0,-8.6%,Europe,,
2006-01-01,Usa,4366220.0,6897766.0,11263986.0,-6.0%,North America,,
2006-01-01,Uzbekistan,100000.0,10000.0,110000.0,14.8%,Asia,,
2006-01-01,Others,376110.0,155496.0,531606.0,2.3%,Other,,
2007-01-01,Argentina,350735.0,193912.0,544647.0,26.0%,South America,,
2007-01-01,Australia,283348.0,51269.0,334617.0,0.9%,Oceania,,
2007-01-01,Austria,199969.0,28097.0,228066.0,-17.0%,Europe,,
2007-01-01,Belgium,789674.0,44729.0,834403.0,-9.1%,Europe,,
2007-01-01,Brazil,2391354.0,585796.0,2977150.0,14.8%,South America,,
2007-01-01,Canada,1342133.0,1236657.0,2578790.0,0.3%,North America,,
2007-01-01,China,6381116.0,2501340.0,8882456.0,22.0%,Asia,,
2007-01-01,Czechia,925060.0,13588.0,938648.0,9.8%,Europe,,
2007-01-01,Egypt,68934.0,35539.0,104473.0,14.2%,Africa,,
2007-01-01,Finland,24000.0,303.0,24303.0,-25.8%,Europe,,
2007-01-01,France,2550869.0,464985.0,3015854.0,-4.8%,Europe,,
2007-01-01,Germany,5709139.0,504321.0,6213460.0,6.8%,Europe,,
2007-01-01,Hungary,287982.0,4045.0,292027.0,53.5%,Europe,,
2007-01-01,India,1713479.0,540250.0,2253729.0,11.6%,Asia,,
2007-01-01,Indonesia,309208.0,102430.0,411638.0,38.6%,Asia,,
2007-01-01,Iran,882000.0,115240.0,997240.0,10.3%,Asia,,
2007-01-01,Italy,910860.0,373452.0,1284312.0,6.0%,Europe,,
2007-01-01,Japan,9944637.0,1651690.0,11596327.0,1.0%,Asia,,
2007-01-01,Malaysia,347971.0,93690.0,441661.0,-12.2%,Asia,,
2007-01-01,Mexico,1209097.0,886148.0,2095245.0,2.4%,North America,,
2007-01-01,Netherlands,61912.0,76656.0,138568.0,-13.1%,Europe,,
2007-01-01,Poland,695000.0,97703.0,792703.0,10.9%,Europe,,
2007-01-01,Portugal,134047.0,42195.0,176242.0,-22.5%,Europe,,
2007-01-01,Romania,234103.0,7609.0,241712.0,13.2%,Europe,,
2007-01-01,Russia,1288652.0,371468.0,1660120.0,10.4%,Europe,,
2007-01-01,Serbia,8236.0,1667.0,9903.0,-11.4%,Europe,,
2007-01-01,Slovakia,571071.0,0.0,571071.0,93.3%,Europe,,
2007-01-01,Slovenia,174209.0,24193.0,198402.0,29.6%,Europe,,
2007-01-01,South africa,276018.0,258472.0,534490.0,-9.1%,Africa,,
2007-01-01,South korea,3723482.0,362826.0,4086308.0,6.4%,Asia,,
2007-01-01,Spain,2195780.0,693923.0,2889703.0,4.0%,Europe,,
2007-01-01,Sweden,316850.0,49170.0,366020.0,9.9%,Europe,,
2007-01-01,Taiwan,212685.0,70354.0,283039.0,-6.7%,Asia,,
2007-01-01,Thailand,315444.0,971902.0,1287346.0,7.8%,Asia,,
2007-01-01,Turkey,634883.0,464530.0,1099413.0,11.3%,Asia,,
2007-01-01,Ukraine,380061.0,22530.0,402591.0,39.7%,Europe,,
2007-01-01,United kingdom,1534567.0,215686.0,1750253.0,6.1%,Europe,,
2007-01-01,Usa,3924268.0,6856461.0,10780729.0,-4.5%,North America,,
2007-01-01,Uzbekistan,170000.0,14900.0,184900.0,68.1%,Asia,,
2007-01-01,Others,420770.0,282019.0,702789.0,32.2%,Other,,
2008-01-01,Argentina,399236.0,197509.0,596745.0,9.6%,South America,,
2008-01-01,Australia,285590.0,43966.0,329556.0,-1.5%,Oceania,,
2008-01-01,Austria,125836.0,25441.0,151277.0,-33.7%,Europe,,
2008-01-01,Belgium,680131.0,44367.0,724498.0,-13.2%,Europe,,
2008-01-01,Brazil,2545729.0,670247.0,3215976.0,8.0%,South America,,
2008-01-01,Canada,1195436.0,886805.0,2082241.0,-19.3%,North America,,
2008-01-01,China,6737745.0,2561435.0,9299180.0,4.7%,Asia,,
2008-01-01,Czechia,934046.0,12521.0,946567.0,1.0%,Europe,,
2008-01-01,Egypt,77563.0,42297.0,119860.0,14.7%,Africa,,
2008-01-01,Finland,17519.0,376.0,17895.0,-26.4%,Europe,,
2008-01-01,France,2145935.0,423043.0,2568978.0,-14.8%,Europe,,
2008-01-01,Germany,5532030.0,513700.0,6045730.0,-2.7%,Europe,,
2008-01-01,Hungary,342359.0,3696.0,346055.0,18.5%,Europe,,
2008-01-01,India,1846051.0,486277.0,2332328.0,3.5%,Asia,,
2008-01-01,Indonesia,431423.0,169205.0,600628.0,45.9%,Asia,,
2008-01-01,Iran,1048307.0,225474.0,1273781.0,27.7%,Asia,,
2008-01-01,Italy,659221.0,364553.0,1023774.0,-20.3%,Europe,,
2008-01-01,Japan,9928143.0,1647501.0,11575644.0,-0.2%,Asia,,
2008-01-01,Malaysia,484512.0,46298.0,530810.0,20.2%,Asia,,
2008-01-01,Mexico,1217458.0,950486.0,2167944.0,3.5%,North America,,
2008-01-01,Netherlands,59223.0,73271.0,132494.0,-4.4%,Europe,,
2008-01-01,Poland,842000.0,110840.0,952840.0,20.2%,Europe,,
2008-01-01,Portugal,132242.0,42913.0,175155.0,-0.6%,Europe,,
2008-01-01,Romania,231056.0,14252.0,245308.0,1.5%,Europe,,
2008-01-01,Russia,1469429.0,320872.0,1790301.0,7.8%,Europe,,
2008-01-01,Serbia,9818.0,1810.0,11628.0,17.4%,Europe,,
2008-01-01,Slovakia,575776.0,0.0,575776.0,0.8%,Europe,,
2008-01-01,Slovenia,180233.0,17610.0,197843.0,-0.3%,Europe,,
2008-01-01,South africa,321124.0,241841.0,562965.0,5.3%,Africa,,
2008-01-01,South korea,3450478.0,376204.0,3826682.0,-6.8%,Asia,,
2008-01-01,Spain,1943049.0,598595.0,2541644.0,-12.0%,Europe,,
2008-01-01,Sweden,252287.0,56012.0,308299.0,-15.8%,Europe,,
2008-01-01,Taiwan,138714.0,44260.0,182974.0,-35.4%,Asia,,
2008-01-01,Thailand,401309.0,992433.0,1393742.0,8.3%,Asia,,
2008-01-01,Turkey,621567.0,525543.0,1147110.0,4.3%,Asia,,
2008-01-01,Ukraine,400799.0,22328.0,423127.0,5.1%,Europe,,
2008-01-01,United kingdom,1446619.0,202896.0,1649515.0,-5.8%,Europe,,
2008-01-01,Usa,3776641.0,4895500.0,8672141.0,-19.6%,North America,,
2008-01-01,Uzbekistan,195038.0,13000.0,208038.0,12.5%,Asia,,
2008-01-01,Supplementary,365165.0,162469.0,527634.0,-11.8%,Other,,
2009-01-01,Argentina,380067.0,132857.0,512924.0,-14.1%,South America,,
2009-01-01,Australia,188158.0,39125.0,227283.0,-31.0%,Oceania,,
2009-01-01,Austria,56620.0,15714.0,72334.0,-52.2%,Europe,,
2009-01-01,Belgium,524595.0,12510.0,537354.0,-25.8%,Europe,,
2009-01-01,Brazil,2575418.0,607505.0,3182923.0,-1.0%,South America,,
2009-01-01,Canada,822267.0,668215.0,1490482.0,-28.4%,North America,,
2009-01-01,China,10383831.0,3407163.0,13790994.0,48.3%,Asia,,
2009-01-01,Czechia,976435.0,6810.0,983243.0,3.9%,Europe,,
2009-01-01,Egypt,60249.0,32090.0,92339.0,-23.0%,Africa,,
2009-01-01,Finland,10907.0,64.0,10971.0,-38.7%,Europe,,
2009-01-01,France,1819497.0,228196.0,2047693.0,-20.3%,Europe,,
2009-01-01,Germany,4964523.0,245334.0,5209857.0,-13.8%,Europe,,
2009-01-01,Hungary,212773.0,1770.0,214543.0,-38.0%,Europe,,
2009-01-01,India,2175220.0,466330.0,2641550.0,13.3%,Asia,,
2009-01-01,Indonesia,352172.0,112644.0,464816.0,-22.6%,Asia,,
2009-01-01,Iran,1170503.0,223572.0,1394075.0,9.4%,Asia,,
2009-01-01,Italy,661100.0,182139.0,843239.0,-17.6%,Europe,,
2009-01-01,Japan,6862161.0,1071896.0,7934057.0,-31.5%,Asia,,
2009-01-01,Malaysia,447002.0,42267.0,489269.0,-7.8%,Asia,,
2009-01-01,Mexico,942876.0,618176.0,1561052.0,-28.0%,North America,,
2009-01-01,Netherlands,50620.0,26131.0,76751.0,-42.1%,Europe,,
2009-01-01,Poland,818800.0,60198.0,878998.0,-7.7%,Europe,,
2009-01-01,Portugal,101680.0,24335.0,126015.0,-28.1%,Europe,,
2009-01-01,Romania,279320.0,17178.0,296498.0,20.9%,Europe,,
2009-01-01,Russia,599265.0,125747.0,725012.0,-59.5%,Europe,,
2009-01-01,Serbia,16337.0,401.0,16738.0,43.9%,Europe,,
2009-01-01,Slovakia,461340.0,0.0,461340.0,-19.9%,Europe,,
2009-01-01,Slovenia,202570.0,10179.0,212749.0,7.5%,Europe,,
2009-01-01,South africa,222981.0,150942.0,373923.0,-33.6%,Africa,,
2009-01-01,South korea,3158417.0,354509.0,3512926.0,-8.2%,Asia,,
2009-01-01,Spain,1812688.0,357390.0,2170078.0,-14.6%,Europe,,
2009-01-01,Sweden,128738.0,27698.0,156436.0,-49.3%,Europe,,
2009-01-01,Taiwan,183986.0,42370.0,226356.0,23.7%,Asia,,
2009-01-01,Thailand,313442.0,685936.0,999378.0,-28.3%,Asia,,
2009-01-01,Turkey,510931.0,358674.0,869605.0,-24.2%,Asia,,
2009-01-01,Ukraine,65646.0,3649.0,69295.0,-83.6%,Europe,,
2009-01-01,United kingdom,999460.0,90679.0,1090139.0,-33.9%,Europe,,
2009-01-01,Usa,2195588.0,3513843.0,5709431.0,-34.3%,North America,,
2009-01-01,Uzbekistan,110200.0,7700.0,117900.0,-43.3%,Asia,,
2009-01-01,Others,302354.0,105010.0,407364.0,-23.4%,Other,,
2010-01-01,Argentina,508401.0,208139.0,716540.0,39.7%,South America,,
2010-01-01,Australia,205334.0,38673.0,244007.0,7.4%,Oceania,,
2010-01-01,Austria,86183.0,18814.0,104997.0,45.2%,Europe,,
2010-01-01,Belgium,528996.0,26306.0,555302.0,3.3%,Europe,,
2010-01-01,Brazil,2584690.0,797038.0,3381728.0,6.2%,South America,,
2010-01-01,Canada,967077.0,1101112.0,2068189.0,38.8%,North America,,
2010-01-01,China,13897083.0,4367678.0,18264761.0,32.4%,Asia,,
2010-01-01,Czechia,1069518.0,6866.0,1076384.0,9.5%,Europe,,
2010-01-01,Egypt,76412.0,40271.0,116683.0,26.4%,Africa,,
2010-01-01,Finland,6385.0,280.0,6665.0,-39.2%,Europe,,
2010-01-01,France,1924171.0,305250.0,2229421.0,8.9%,Europe,,
2010-01-01,Germany,5552409.0,353576.0,5905985.0,13.4%,Europe,,
2010-01-01,Hungary,208571.0,2890.0,211461.0,-1.4%,Europe,,
2010-01-01,India,2831542.0,725531.0,3557073.0,34.7%,Asia,,
2010-01-01,Indonesia,496524.0,205984.0,702508.0,51.1%,Asia,,
2010-01-01,Iran,1367014.0,232440.0,1599454.0,14.7%,Asia,,
2010-01-01,Italy,573169.0,265017.0,838186.0,-0.6%,Europe,,
2010-01-01,Japan,8310362.0,1318558.0,9628920.0,21.4%,Asia,,
2010-01-01,Malaysia,522568.0,45147.0,567715.0,16.0%,Asia,,
2010-01-01,Mexico,1386148.0,956134.0,2342282.0,50.0%,North America,,
2010-01-01,Netherlands,48025.0,46107.0,94132.0,22.6%,Europe,,
2010-01-01,Poland,785000.0,84474.0,869474.0,-1.1%,Europe,,
2010-01-01,Portugal,114563.0,44166.0,158729.0,26.0%,Europe,,
2010-01-01,Romania,323587.0,27325.0,350912.0,18.4%,Europe,,
2010-01-01,Russia,1208362.0,194882.0,1403244.0,93.5%,Europe,,
2010-01-01,Serbia,14551.0,649.0,15200.0,-9.2%,Europe,,
2010-01-01,Slovakia,561933.0,0.0,561933.0,21.8%,Europe,,
2010-01-01,Slovenia,201039.0,10301.0,211340.0,-0.7%,Europe,,
2010-01-01,South africa,295394.0,176655.0,472049.0,26.2%,Africa,,
2010-01-01,South korea,3866206.0,405535.0,4271741.0,21.6%,Asia,,
2010-01-01,Spain,1913513.0,474387.0,2387900.0,10.0%,Europe,,
2010-01-01,Sweden,177084.0,40000.0,217084.0,38.8%,Europe,,
2010-01-01,Taiwan,251490.0,51966.0,303456.0,34.1%,Asia,,
2010-01-01,Thailand,554387.0,1090126.0,1644513.0,64.6%,Asia,,
2010-01-01,Turkey,603394.0,491163.0,1094557.0,25.9%,Asia,,
2010-01-01,Ukraine,75261.0,7872.0,83133.0,20.0%,Europe,,
2010-01-01,United kingdom,1270444.0,123019.0,1393463.0,27.8%,Europe,,
2010-01-01,Usa,2731105.0,5011988.0,7743093.0,35.6%,North America,,
2010-01-01,Uzbekistan,130400.0,26480.0,156880.0,33.1%,Asia,,
2010-01-01,Others,373587.0,113198.0,486785.0,21.5%,Other,,
2011-01-01,Argentina,577233.0,251538.0,828771.0,15.7%,South America,,
2011-01-01,Australia,189503.0,34690.0,224193.0,-8.1%,Oceania,,
2011-01-01,Austria,130343.0,22162.0,152505.0,45.2%,Europe,,
2011-01-01,Belgium,560779.0,34305.0,595084.0,7.2%,Europe,,
2011-01-01,Brazil,2519389.0,888472.0,3407861.0,0.8%,South America,,
2011-01-01,Canada,990482.0,1144639.0,2135121.0,3.2%,North America,,
2011-01-01,China,14485326.0,3933550.0,18418876.0,0.8%,Asia,,
2011-01-01,Czechia,1191968.0,7877.0,1199845.0,11.5%,Europe,,
2011-01-01,Egypt,53072.0,28659.0,81731.0,-30.0%,Africa,,
2011-01-01,Finland,2540.0,91.0,2631.0,-60.5%,Europe,,
2011-01-01,France,1931030.0,311898.0,2242928.0,0.6%,Europe,,
2011-01-01,Germany,5871918.0,275030.0,6146948.0,4.1%,Europe,,
2011-01-01,Hungary,211218.0,2313.0,213531.0,1.0%,Europe,,
2011-01-01,India,3040144.0,887267.0,3927411.0,10.4%,Asia,,
2011-01-01,Indonesia,562250.0,276138.0,838388.0,19.3%,Asia,,
2011-01-01,Iran,1412803.0,236508.0,1649311.0,3.1%,Asia,,
2011-01-01,Italy,485606.0,304742.0,790348.0,-5.7%,Europe,,
2011-01-01,Japan,7158525.0,1240105.0,8398630.0,-12.8%,Asia,,
2011-01-01,Malaysia,488441.0,45254.0,533695.0,-6.0%,Asia,,
2011-01-01,Mexico,1657080.0,1023970.0,2681050.0,14.5%,North America,,
2011-01-01,Netherlands,40772.0,32379.0,73151.0,-22.3%,Europe,,
2011-01-01,Poland,741000.0,97133.0,838133.0,-3.6%,Europe,,
2011-01-01,Portugal,141779.0,50463.0,192242.0,21.1%,Europe,,
2011-01-01,Romania,310243.0,24989.0,335232.0,-4.5%,Europe,,
2011-01-01,Russia,1744097.0,246058.0,1990155.0,41.8%,Europe,,
2011-01-01,Serbia,10227.0,796.0,11023.0,-27.5%,Europe,,
2011-01-01,Slovakia,639763.0,0.0,639763.0,13.9%,Europe,,
2011-01-01,Slovenia,168955.0,5164.0,174119.0,-17.6%,Europe,,
2011-01-01,South africa,312265.0,220280.0,532545.0,12.8%,Africa,,
2011-01-01,South korea,4221617.0,435477.0,4657094.0,9.0%,Asia,,
2011-01-01,Spain,1839068.0,534261.0,2373329.0,-0.6%,Europe,,
2011-01-01,Sweden,188969.0,0.0,188969.0,-13.0%,Europe,,
2011-01-01,Taiwan,288523.0,54773.0,343296.0,13.1%,Asia,,
2011-01-01,Thailand,537987.0,919811.0,1457798.0,-11.4%,Asia,,
2011-01-01,Turkey,639734.0,549397.0,1189131.0,8.6%,Asia,,
2011-01-01,Ukraine,97585.0,7069.0,104654.0,25.9%,Europe,,
2011-01-01,United kingdom,1343810.0,120189.0,1463999.0,5.1%,Europe,,
2011-01-01,Usa,2976991.0,5684544.0,8661535.0,11.9%,North America,,
2011-01-01,Uzbekistan,146300.0,33260.0,179560.0,14.5%,Asia,,
2011-01-01,Others,367138.0,124373.0,491511.0,1.0%,Other,,
2012-01-01,Argentina,497376.0,267119.0,764495.0,-7.8%,South America,,
2012-01-01,Australia,189949.0,36553.0,226502.0,-1.0%,Oceania,,
2012-01-01,Austria,123602.0,19487.0,143089.0,-6.2%,Europe,,
2012-01-01,Belgium,504616.0,34232.0,538848.0,-9.5%,Europe,,
2012-01-01,Brazil,2589236.0,813272.0,3402508.0,-0.2%,South America,,
2012-01-01,Canada,1040298.0,1423066.0,2463364.0,15.4%,North America,,
2012-01-01,China,15523658.0,3748150.0,19271808.0,4.6%,Asia,,
2012-01-01,Czechia,1171774.0,7221.0,1178995.0,-1.7%,Europe,,
2012-01-01,Egypt,36880.0,19600.0,56480.0,-30.9%,Africa,,
2012-01-01,Finland,8600.0,88.0,8688.0,245.5%,Europe,,
2012-01-01,France,1682814.0,284951.0,1967765.0,-12.3%,Europe,,
2012-01-01,Germany,5388459.0,260801.0,5649260.0,-8.1%,Europe,,
2012-01-01,Hungary,215440.0,2400.0,217840.0,2.0%,Europe,,
2012-01-01,India,3296240.0,878473.0,4174713.0,6.3%,Asia,,
2012-01-01,Indonesia,745144.0,307751.0,1052895.0,25.6%,Asia,,
2012-01-01,Iran,856927.0,143162.0,1000089.0,-39.3%,Asia,,
2012-01-01,Italy,396817.0,274951.0,671768.0,-15.0%,Europe,,
2012-01-01,Japan,8554503.0,1388574.0,9943077.0,18.4%,Asia,,
2012-01-01,Malaysia,509621.0,59999.0,569620.0,6.7%,Asia,,
2012-01-01,Mexico,1810007.0,1191807.0,3001814.0,12.0%,North America,,
2012-01-01,Netherlands,24895.0,30744.0,55639.0,-23.9%,Europe,,
2012-01-01,Poland,539671.0,115085.0,654756.0,-21.9%,Europe,,
2012-01-01,Portugal,115735.0,47826.0,163561.0,-14.9%,Europe,,
2012-01-01,Romania,326556.0,11209.0,337765.0,0.8%,Europe,,
2012-01-01,Russia,1970087.0,263016.0,2233103.0,12.2%,Europe,,
2012-01-01,Serbia,10227.0,805.0,11032.0,0.1%,Europe,,
2012-01-01,Slovakia,926555.0,0.0,926555.0,44.8%,Europe,,
2012-01-01,Slovenia,126836.0,4113.0,130949.0,-24.8%,Europe,,
2012-01-01,South africa,274873.0,264551.0,539424.0,1.3%,Africa,,
2012-01-01,South korea,4167089.0,394677.0,4561766.0,-2.0%,Asia,,
2012-01-01,Spain,1539680.0,439499.0,1979179.0,-16.6%,Europe,,
2012-01-01,Sweden,162814.0,0.0,162814.0,-13.8%,Europe,,
2012-01-01,Taiwan,278043.0,60995.0,339038.0,-1.2%,Asia,,
2012-01-01,Thailand,945100.0,1484042.0,2429142.0,66.6%,Asia,,
2012-01-01,Turkey,577296.0,495682.0,1072978.0,-9.8%,Asia,,
2012-01-01,Ukraine,69687.0,6594.0,76281.0,-27.1%,Europe,,
2012-01-01,United kingdom,1464906.0,112039.0,1576945.0,7.7%,Europe,,
2012-01-01,Usa,4109013.0,6226752.0,10335765.0,19.3%,North America,,
2012-01-01,Uzbekistan,144980.0,19200.0,164180.0,-8.6%,Asia,,
2012-01-01,Others,463990.0,135652.0,599642.0,22.0%,Other,,
2013-01-01,Argentina,506539.0,284468.0,791007.0,3.5%,South America,,
2013-01-01,Australia,170808.0,45118.0,215926.0,-4.7%,Oceania,,
2013-01-01,Austria,146566.0,19862.0,166428.0,16.3%,Europe,,
2013-01-01,Belgium,465504.0,38000.0,503504.0,-6.6%,Europe,,
2013-01-01,Brazil,2722979.0,989401.0,3712380.0,9.1%,South America,,
2013-01-01,Canada,965191.0,1414615.0,2379834.0,-3.4%,North America,,
2013-01-01,China,18084169.0,4032656.0,22116825.0,14.8%,Asia,,
2013-01-01,Czechia,1128473.0,4458.0,1132931.0,-3.9%,Europe,,
2013-01-01,Egypt,13777.0,17027.0,30804.0,-45.5%,Africa,,
2013-01-01,Finland,7600.0,103.0,7703.0,-11.3%,Europe,,
2013-01-01,France,1458220.0,282000.0,1740220.0,-11.6%,Europe,,
2013-01-01,Germany,5439904.0,278318.0,5718222.0,1.2%,Europe,,
2013-01-01,Hungary,317857.0,3430.0,321287.0,47.5%,Europe,,
2013-01-01,India,3155694.0,742731.0,3898425.0,-6.6%,Asia,,
2013-01-01,Indonesia,924753.0,281615.0,1206368.0,14.6%,Asia,,
2013-01-01,Iran,630639.0,113041.0,743680.0,-25.6%,Asia,,
2013-01-01,Italy,388465.0,269741.0,658206.0,-2.0%,Europe,,
2013-01-01,Japan,8189323.0,1440858.0,9630181.0,-3.1%,Asia,,
2013-01-01,Malaysia,543892.0,57515.0,601407.0,5.6%,Asia,,
2013-01-01,Mexico,1771987.0,1282862.0,3054849.0,1.8%,North America,,
2013-01-01,Netherlands,0.0,29183.0,29183.0,-47.5%,Europe,,
2013-01-01,Poland,475000.0,115159.0,590159.0,-9.9%,Europe,,
2013-01-01,Portugal,109698.0,44318.0,154016.0,-5.8%,Europe,,
2013-01-01,Romania,410959.0,38.0,410997.0,21.7%,Europe,,
2013-01-01,Russia,1927578.0,264667.0,2192245.0,-1.8%,Europe,,
2013-01-01,Serbia,113487.0,805.0,113878.0,932.3%,Europe,,
2013-01-01,Slovakia,975000.0,0.0,975000.0,5.2%,Europe,,
2013-01-01,Slovenia,89395.0,4339.0,93734.0,-28.4%,Europe,,
2013-01-01,South africa,265257.0,280656.0,545913.0,1.2%,Africa,,
2013-01-01,South korea,4122604.0,398825.0,4521429.0,-0.9%,Asia,,
2013-01-01,Spain,1754668.0,408670.0,2163338.0,9.3%,Europe,,
2013-01-01,Sweden,161080.0,0.0,161080.0,-1.1%,Europe,,
2013-01-01,Taiwan,291037.0,47683.0,338720.0,-0.1%,Asia,,
2013-01-01,Thailand,1071076.0,1385981.0,2457057.0,1.1%,Asia,,
2013-01-01,Turkey,633604.0,491930.0,1125534.0,4.9%,Asia,,
2013-01-01,Ukraine,45758.0,4691.0,50449.0,-33.9%,Europe,,
2013-01-01,United kingdom,1509762.0,88110.0,1597872.0,1.3%,Europe,,
2013-01-01,Usa,4368835.0,6697597.0,11066432.0,7.1%,North America,,
2013-01-01,Uzbekistan,246641.0,0.0,246641.0,50.2%,Asia,,
2013-01-01,Others,523679.0,119936.0,643615.0,7.3%,Other,,
2014-01-01,Argentina,363711.0,253618.0,617329.0,-22.0%,South America,,
2014-01-01,Australia,166933.0,13378.0,180311.0,-16.5%,Oceania,,
2014-01-01,Austria,136000.0,18340.0,152000.0,-8.7%,Europe,,
2014-01-01,Belgium,481636.0,35195.0,516831.0,2.6%,Europe,,
2014-01-01,Brazil,2502293.0,644093.0,3146386.0,-15.2%,South America,,
2014-01-01,Canada,913533.0,1480621.0,2394154.0,0.6%,North America,,
2014-01-01,China,19928505.0,3803095.0,23731600.0,7.3%,Asia,,
2014-01-01,Czechia,1246506.0,4714.0,1251220.0,10.4%,Europe,,
2014-01-01,Egypt,17542.0,9190.0,42515.0,-38.0%,Africa,,
2014-01-01,Finland,45000.0,35.0,45035.0,484.6%,Europe,,
2014-01-01,France,1499464.0,322000.0,1821464.0,4.7%,Europe,,
2014-01-01,Germany,5604026.0,303522.0,5907548.0,3.3%,Europe,,
2014-01-01,Hungary,434069.0,2400.0,437599.0,36.2%,Europe,,
2014-01-01,India,3162372.0,682485.0,3844857.0,-1.4%,Asia,,
2014-01-01,Indonesia,1013172.0,285351.0,1298523.0,7.6%,Asia,,
2014-01-01,Iran,925975.0,164871.0,1090846.0,46.7%,Asia,,
2014-01-01,Italy,401317.0,296547.0,697864.0,6.0%,Europe,,
2014-01-01,Japan,8277070.0,1497488.0,9774665.0,1.5%,Asia,,
2014-01-01,Malaysia,545122.0,50012.0,595134.0,-1.0%,Asia,,
2014-01-01,Mexico,1915709.0,1452301.0,3368010.0,10.3%,North America,,
2014-01-01,Netherlands,29196.0,2232.0,31428.0,7.7%,Europe,,
2014-01-01,Poland,472600.0,120904.0,593504.0,0.6%,Europe,,
2014-01-01,Portugal,117744.0,43765.0,161509.0,4.9%,Europe,,
2014-01-01,Romania,391422.0,12.0,391434.0,-4.8%,Europe,,
2014-01-01,Russia,1682921.0,204272.0,1887193.0,-23.0%,Europe,,
2014-01-01,Serbia,101576.0,695.0,103150.0,-9.4%,Europe,,
2014-01-01,Slovakia,971160.0,0.0,971160.0,-0.4%,Europe,,
2014-01-01,Slovenia,118533.0,58.0,118591.0,26.5%,Europe,,
2014-01-01,South africa,277491.0,288592.0,566083.0,3.7%,Africa,,
2014-01-01,South korea,4124116.0,400816.0,4524932.0,0.1%,Asia,,
2014-01-01,Spain,1898342.0,504636.0,2402978.0,11.1%,Europe,,
2014-01-01,Sweden,154174.0,0.0,154174.0,-4.3%,Europe,,
2014-01-01,Taiwan,332629.0,46594.0,379223.0,12.0%,Asia,,
2014-01-01,Thailand,743258.0,1137329.0,1880587.0,-23.5%,Asia,,
2014-01-01,Turkey,733439.0,437006.0,1170445.0,4.0%,Asia,,
2014-01-01,Ukraine,25941.0,2810.0,28751.0,-43.0%,Europe,,
2014-01-01,United kingdom,1528148.0,70731.0,1598879.0,0.1%,Europe,,
2014-01-01,Usa,4253098.0,7407604.0,11660702.0,5.4%,North America,,
2014-01-01,Uzbekistan,245660.0,0.0,245660.0,-0.4%,Asia,,
2014-01-01,Others,584144.0,114998.0,699142.0,8.7%,Other,,
2015-01-01,Argentina,308756.0,224927.0,533683.0,-13.5%,South America,,
2015-01-01,Australia,159872.0,13137.0,173009.0,-4.0%,Oceania,,
2015-01-01,Austria,109000.0,16500.0,125500.0,-17.4%,Europe,,
2015-01-01,Belgium,369172.0,40168.0,409340.0,-20.8%,Europe,,
2015-01-01,Brazil,2018954.0,410509.0,2429463.0,-22.8%,South America,,
2015-01-01,Canada,888565.0,1394909.0,2283474.0,-4.6%,North America,,
2015-01-01,China,21079427.0,3423899.0,24503326.0,3.3%,Asia,,
2015-01-01,Czechia,1298236.0,5367.0,1303603.0,4.2%,Europe,,
2015-01-01,Egypt,12000.0,24000.0,36000.0,-15.3%,Africa,,
2015-01-01,Finland,69000.0,53.0,69053.0,53.3%,Europe,,
2015-01-01,France,1553800.0,416200.0,1970000.0,8.2%,Europe,,
2015-01-01,Germany,5707938.0,325226.0,6033164.0,2.1%,Europe,,
2015-01-01,Hungary,491720.0,3650.0,495370.0,13.2%,Europe,,
2015-01-01,India,3378063.0,747681.0,4125744.0,7.3%,Asia,,
2015-01-01,Indonesia,824445.0,274335.0,1098780.0,-15.4%,Asia,,
2015-01-01,Iran,884866.0,97471.0,982337.0,-9.9%,Asia,,
2015-01-01,Italy,663139.0,351084.0,1014223.0,45.3%,Europe,,
2015-01-01,Japan,7830722.0,1447516.0,9278238.0,-5.1%,Asia,,
2015-01-01,Malaysia,558324.0,56347.0,614671.0,3.3%,Asia,,
2015-01-01,Mexico,1968054.0,1597415.0,3565469.0,5.9%,North America,,
2015-01-01,Netherlands,41870.0,2252.0,44122.0,40.4%,Europe,,
2015-01-01,Poland,534700.0,125903.0,660603.0,11.3%,Europe,,
2015-01-01,Portugal,115468.0,41158.0,156626.0,-3.0%,Europe,,
2015-01-01,Romania,387171.0,6.0,387177.0,-1.1%,Europe,,
2015-01-01,Russia,1214849.0,169550.0,1384399.0,-26.6%,Europe,,
2015-01-01,Serbia,82400.0,1230.0,83630.0,-18.9%,Europe,,
2015-01-01,Slovakia,1000001.0,0.0,1000001.0,3.0%,Europe,,
2015-01-01,Slovenia,133092.0,0.0,133092.0,12.2%,Europe,,
2015-01-01,South africa,341025.0,274633.0,615658.0,8.8%,Africa,,
2015-01-01,South korea,4135108.0,420849.0,4555957.0,0.7%,Asia,,
2015-01-01,Spain,2218980.0,514221.0,2733201.0,13.7%,Europe,,
2015-01-01,Sweden,188987.0,0.0,188987.0,22.6%,Europe,,
2015-01-01,Taiwan,298418.0,52667.0,351085.0,-7.4%,Asia,,
2015-01-01,Thailand,772250.0,1143170.0,1915420.0,1.9%,Asia,,
2015-01-01,Turkey,791027.0,567769.0,1358796.0,16.1%,Asia,,
2015-01-01,Ukraine,5654.0,2590.0,8244.0,-71.3%,Europe,,
2015-01-01,United kingdom,1587677.0,94479.0,1682156.0,5.2%,Europe,,
2015-01-01,Usa,4163679.0,7936416.0,12100095.0,3.8%,North America,,
2015-01-01,Uzbekistan,185400.0,0.0,185400.0,-24.5%,Asia,,
2015-01-01,Others,693817.0,138866.0,832683.0,19.1%,Other,,
2015-01-01,Total,68539516.0,22241067.0,90780583.0,1.1%,Entire World,,
2016-01-01,Argentina,241315.0,231461.0,472776.0,-10.2%,South America,,
2016-01-01,Australia,149000.0,12294.0,161294.0,-6.8%,Oceania,,
2016-01-01,Austria,90000.0,18000.0,108000.0,-10.9%,Europe,,
2016-01-01,Belgium,354003.0,45424.0,399427.0,-2.4%,Europe,,
2016-01-01,Brazil,1778464.0,377892.0,2156356.0,-11.2%,South America,,
2016-01-01,Canada,802057.0,1568214.0,2370271.0,3.8%,North America,,
2016-01-01,China,24420744.0,3698050.0,28118794.0,14.5%,Asia,,
2016-01-01,Czechia,1344182.0,5714.0,1349896.0,8.3%,Europe,,
2016-01-01,Egypt,10930.0,25300.0,36230.0,0.6%,Africa,,
2016-01-01,Finland,55280.0,0.0,55280.0,-19.9%,Europe,,
2016-01-01,France,1626000.0,456000.0,2082000.0,5.6%,Europe,,
2016-01-01,Germany,5746808.0,315754.0,6062562.0,0.5%,Europe,,
2016-01-01,Hungary,472000.0,0.0,472000.0,-4.7%,Europe,,
2016-01-01,India,3677605.0,811360.0,4488965.0,7.9%,Asia,,
2016-01-01,Indonesia,968101.0,209288.0,1177389.0,7.2%,Asia,,
2016-01-01,Iran,1074000.0,90710.0,1164710.0,18.6%,Asia,,
2016-01-01,Italy,713182.0,390334.0,1103516.0,8.8%,Europe,,
2016-01-01,Japan,7873886.0,1330704.0,9204590.0,-0.8%,Asia,,
2016-01-01,Malaysia,469720.0,43725.0,513445.0,-16.5%,Asia,,
2016-01-01,Mexico,1993168.0,1604294.0,3597462.0,0.9%,North America,,
2016-01-01,Netherlands,42150.0,2280.0,44430.0,0.7%,Europe,,
2016-01-01,Poland,554600.0,127237.0,681837.0,3.2%,Europe,,
2016-01-01,Portugal,99200.0,43896.0,143096.0,-8.6%,Europe,,
2016-01-01,Romania,358861.0,445.0,359306.0,-7.2%,Europe,,
2016-01-01,Russia,1124774.0,179215.0,1303989.0,-5.4%,Europe,,
2016-01-01,Serbia,79360.0,960.0,80320.0,-4.0%,Europe,,
2016-01-01,Slovakia,1040000.0,0.0,1040000.0,0.1%,Europe,,
2016-01-01,Slovenia,133702.0,0.0,133702.0,0.5%,Europe,,
2016-01-01,South africa,335539.0,263465.0,599004.0,-2.7%,Africa,,
2016-01-01,South korea,3859991.0,368518.0,4228509.0,-7.2%,Asia,,
2016-01-01,Spain,2354117.0,531805.0,2885922.0,5.6%,Europe,,
2016-01-01,Sweden,205374.0,0.0,205374.0,8.7%,Europe,,
2016-01-01,Taiwan,251096.0,58435.0,309531.0,-11.8%,Asia,,
2016-01-01,Thailand,805033.0,1139384.0,1944417.0,1.8%,Asia,,
2016-01-01,Turkey,950888.0,535039.0,1485927.0,9.4%,Asia,,
2016-01-01,Ukraine,4340.0,924.0,5264.0,-36.1%,Europe,,
2016-01-01,United kingdom,1722698.0,93924.0,1816622.0,8.0%,Europe,,
2016-01-01,Usa,3934357.0,8263780.0,12198137.0,0.8%,North America,,
2016-01-01,Uzbekistan,88152.0,0.0,88152.0,-52.5%,Asia,,
2016-01-01,Others,781708.0,138454.0,920162.0,10.6%,Other,,
2017-01-01,Argentina,203700.0,268458.0,472158.0,-0.13%,South America,,
2017-01-01,Australia,88195.0,10437.0,98632.0,-38.85%,Oceania,,
2017-01-01,Austria,81000.0,18880.0,99880.0,-8.98%,Europe,,
2017-01-01,Belgium,336000.0,43140.0,379140.0,-5.08%,Europe,,
2017-01-01,Brazil,2269468.0,430204.0,2699672.0,25.2%,South America,,
2017-01-01,Canada,749458.0,1450331.0,2199789.0,-7.21%,North America,,
2017-01-01,China,24806687.0,4208747.0,29015434.0,3.19%,Asia,,
2017-01-01,Czechia,1413881.0,6112.0,1419993.0,0%,Europe,,
2017-01-01,Egypt,9970.0,26670.0,36640.0,1.13%,Africa,,
2017-01-01,Finland,91598.0,0.0,91598.0,90.83%,Europe,,
2017-01-01,France,1748000.0,479000.0,2227000.0,6.54%,Europe,,
2017-01-01,Germany,5645581.0,0.0,5645581.0,-1.76%,Europe,,
2017-01-01,Hungary,502000.0,3400.0,505400.0,-4.01%,Europe,,
2017-01-01,India,3952550.0,830346.0,4782896.0,5.83%,Asia,,
2017-01-01,Indonesia,982356.0,234259.0,1216615.0,3.3%,Asia,,
2017-01-01,Iran,1418550.0,96846.0,1515396.0,18.19%,Asia,,
2017-01-01,Italy,742642.0,399568.0,1142210.0,3.53%,Europe,,
2017-01-01,Japan,8347836.0,1345910.0,9693746.0,5.31%,Asia,,
2017-01-01,Malaysia,424880.0,35260.0,460140.0,-15.62%,Asia,,
2017-01-01,Morocco,341802.0,34484.0,376826.0,9%,Africa,,
2017-01-01,Mexico,1900029.0,2168386.0,4068415.0,13%,North America,,
2017-01-01,Netherlands,155000.0,2280.0,157280.0,74.97%,Europe,,
2017-01-01,Poland,514700.0,175029.0,689729.0,1.16%,Europe,,
2017-01-01,Portugal,126426.0,49118.0,175544.0,22.68%,Europe,,
2017-01-01,Romania,359240.0,10.0,359250.0,-0.02%,Europe,,
2017-01-01,Russia,1348029.0,203264.0,1551293.0,19.01%,Europe,,
2017-01-01,Serbia,79360.0,552.0,79912.0,-0.51%,Europe,,
2017-01-01,Slovakia,1001520.0,0.0,1001520.0,-3.7%,Europe,,
2017-01-01,Slovenia,189852.0,0.0,189852.0,42%,Europe,,
2017-01-01,South africa,321358.0,268593.0,589951.0,-1.51%,Africa,,
2017-01-01,South korea,3735399.0,379514.0,4114913.0,-2.69%,Asia,,
2017-01-01,Spain,2291492.0,556843.0,2848335.0,-1.3%,Europe,,
2017-01-01,Sweden,226000.0,0.0,226000.0,10.04%,Europe,,
2017-01-01,Taiwan,230356.0,61207.0,291563.0,-5.8%,Asia,,
2017-01-01,Thailand,818440.0,1170383.0,1988823.0,2.28%,Asia,,
2017-01-01,Turkey,1142906.0,552825.0,1695731.0,14.12%,Asia,,
2017-01-01,Ukraine,7296.0,2246.0,9542.0,81.27%,Europe,,
2017-01-01,United kingdom,1671166.0,78219.0,1749385.0,-3.70%,Europe,,
2017-01-01,Usa,3033216.0,8156769.0,11189985.0,-8.13%,North America,,
2017-01-01,Uzbekistan,140247.0,0.0,140247.0,59.10%,Asia,,
2017-01-01,Others,536725.0,221947.0,758672.0,16%,Other,,
2018-01-01,Argentina,208573.0,258076.0,466649.0,-1.4%,South America,,
2018-01-01,Austria,144500.0,20400.0,164900.0,69.7%,Europe,,
2018-01-01,Belgium,265958.0,42535.0,308493.0,-18.2%,Europe,,
2018-01-01,Brazil,2386758.0,493051.0,2879809.0,5.2%,South America,,
2018-01-01,Canada,655896.0,1364944.0,2020840.0,-7.9%,North America,,
2018-01-01,China,23529423.0,4279773.0,27809196.0,-4.2%,Asia,,
2018-01-01,Colombia,69000.0,3800.0,72800.0,-5.5%,South America,,
2018-01-01,Czechia,1345041.0,0.0,1345041.0,3%,Europe,,
2018-01-01,Egypt,19500.0,52100.0,71600.0,95%,Africa,,
2018-01-01,Finland,112104.0,0.0,112104.0,3%,Europe,,
2018-01-01,France,1763000.0,507000.0,2270000.0,2.0%,Europe,,
2018-01-01,Germany,5120409.0,0.0,5120409.0,-9.3%,Europe,,
2018-01-01,Hungary,430988.0,0.0,430988.0,3.0%,Europe,,
2018-01-01,India,4064774.0,1109871.0,5174645.0,8.0%,Asia,,
2018-01-01,Indonesia,1055774.0,287940.0,1343714.0,10.3%,Asia,,
2018-01-01,Iran,1027313.0,68213.0,1095526.0,-40%,Asia,,
2018-01-01,Italy,670932.0,389136.0,1060068.0,-7.2%,Europe,,
2018-01-01,Japan,8358220.0,1370308.0,9728528.0,0.4%,Asia,,
2018-01-01,Malaysia,522000.0,42800.0,564800.0,12.2%,Asia,,
2018-01-01,Morocco,368601.0,33484.0,402085.0,17.6%,Africa,,
2018-01-01,Mexico,1575808.0,2524717.0,4100525.0,0.1%,North America,,
2018-01-01,Poland,451600.0,208046.0,659646.0,-4.4%,Europe,,
2018-01-01,Portugal,234151.0,60215.0,294366.0,67.7%,Europe,,
2018-01-01,Romania,476769.0,0.0,476769.0,31.1%,Europe,,
2018-01-01,Russia,1563572.0,204102.0,1767674.0,13.9%,Europe,,
2018-01-01,Serbia,56303.0,146.0,56449.0,-28.5%,Europe,,
2018-01-01,Slovakia,1090000.0,0.0,1090000.0,5.6%,Europe,,
2018-01-01,Slovenia,209378.0,0.0,209378.0,10.2%,Europe,,
2018-01-01,South africa,321097.0,289757.0,610854.0,3.5%,Africa,,
2018-01-01,South korea,3661730.0,367104.0,4028834.0,-2.1%,Asia,,
2018-01-01,Spain,2267396.0,552169.0,2819565.0,-1.0%,Europe,,
2018-01-01,Taiwan,190052.0,63189.0,253241.0,-13.1%,Asia,,
2018-01-01,Thailand,877015.0,1290679.0,2167694.0,9.0%,Asia,,
2018-01-01,Turkey,1026461.0,523689.0,1550150.0,-8.6%,Asia,,
2018-01-01,Ukraine,5660.0,963.0,6623.0,-22.9%,Europe,,
2018-01-01,United kingdom,1519440.0,84888.0,1604328.0,-8.3%,Europe,,
2018-01-01,Usa,2795971.0,8518734.0,11314705.0,1.1%,North America,,
2018-01-01,Uzbekistan,220667.0,0.0,220667.0,57.3%,Asia,,
2018-01-01,Others,341554.0,152230.0,493784.0,0%,Other,,
2018-01-01,Total,70498388.0,25136912.0,95634593.0,-1.1%,Entire World,,
2019-01-01,Argentina,108364.0,206423.0,314787.0,-32.5%,South America,,
2019-01-01,Austria,158400.0,21000.0,179400.0,8.8%,Europe,,
2019-01-01,Belgium,247020.0,38777.0,285797.0,-7.4%,Europe,,
2019-01-01,Brazil,2448490.0,496498.0,2944988.0,2.2%,South America,,
2019-01-01,Canada,461370.0,1455215.0,1916585.0,-5.4%,North America,,
2019-01-01,China,21360193.0,4360472.0,25720665.0,-7.5%,Asia,,
2019-01-01,Czechia,1427563.0,6400.0,1433963.0,-0.6%,Europe,,
2019-01-01,Egypt,18500.0,0.0,18500.0,0%,Africa,,
2019-01-01,Finland,114785.0,0.0,114785.0,2.5%,Europe,,
2019-01-01,France,1675198.0,527262.0,2202460.0,-2.9%,Europe,,
2019-01-01,Germany,4661328.0,0.0,4661328.0,-9%,Europe,,
2019-01-01,Hungary,498158.0,0.0,498158.0,7.6%,Europe,,
2019-01-01,India,3623335.0,892682.0,4516017.0,-12.2%,Asia,,
2019-01-01,Indonesia,1045666.0,241182.0,1286848.0,-4.2%,Asia,,
2019-01-01,Iran,770000.0,51060.0,821060.0,-25%,Asia,,
2019-01-01,Italy,542007.0,373298.0,915305.0,-13.8%,Europe,,
2019-01-01,Japan,8328756.0,1355542.0,9684298.0,-0.5%,Asia,,
2019-01-01,Malaysia,534115.0,37517.0,571632.0,1.2%,Asia,,
2019-01-01,Morocco,360110.0,34542.0,394652.0,-1.8%,Africa,,
2019-01-01,Mexico,1382714.0,2604080.0,3986794.0,-2.8%,North America,,
2019-01-01,Poland,434700.0,215164.0,649864.0,-1.5%,Europe,,
2019-01-01,Portugal,282142.0,63562.0,345704.0,17.4%,Europe,,
2019-01-01,Romania,490412.0,0.0,490412.0,2.9%,Europe,,
2019-01-01,Russia,1523594.0,196190.0,1719784.0,-2.8%,Europe,,
2019-01-01,Serbia,34985.0,130.0,35115.0,-37.8%,Europe,,
2019-01-01,Slovakia,1100000.0,0.0,1100000.0,0.6%,Europe,,
2019-01-01,Slovenia,199102.0,0.0,199102.0,-4.9%,Europe,,
2019-01-01,South africa,348665.0,283318.0,631983.0,3.5%,Africa,,
2019-01-01,South korea,3612587.0,338030.0,3950617.0,-1.9%,Asia,,
2019-01-01,Spain,2248019.0,574336.0,2822355.0,0.1%,Europe,,
2019-01-01,Taiwan,189549.0,61755.0,251304.0,-0.8%,Asia,,
2019-01-01,Thailand,795254.0,1218456.0,2013710.0,-7.1%,Asia,,
2019-01-01,Turkey,982642.0,478602.0,1461244.0,-5.7%,Asia,,
2019-01-01,Ukraine,6254.0,1011.0,7265.0,9.7%,Europe,,
2019-01-01,United kingdom,1303135.0,78270.0,1381405.0,-13.9%,Europe,,
2019-01-01,Usa,2512780.0,8367239.0,10880019.0,-3.7%,North America,,
2019-01-01,Uzbekistan,271113.0,0.0,271113.0,22.9%,Asia,,
2019-01-01,Others,1048191.0,59652.0,1108503.0,0%,Other,,
2019-01-01,Total,67149196.0,24637665.0,91786861.0,-5.2%,Entire World,,
2020-01-01,Argentina,93001.0,164186.0,257187.0,-18%,South America,,
2020-01-01,Austria,104544.0,0.0,104544.0,-42%,Europe,,
2020-01-01,Belgium,237057.0,30403.0,267460.0,-6%,Europe,,
2020-01-01,Brazil,1608870.0,405185.0,2014055.0,-32%,South America,,
2020-01-01,Canada,327681.0,1048942.0,1376623.0,-28%,North America,,
2020-01-01,China,19994081.0,5231161.0,25225242.0,-2%,Asia,,
2020-01-01,Czech republic,1152901.0,6250.0,1159151.0,-19%,Europe,,
2020-01-01,Egypt,23754.0,0.0,23754.0,28%,Africa,,
2020-01-01,Finland,86270.0,0.0,86270.0,-25%,Europe,,
2020-01-01,France,927718.0,388653.0,1316371.0,-39%,Europe,,
2020-01-01,Germany,3515372.0,227082.0,3742454.0,-24%,Europe,,
2020-01-01,Hungary,406497.0,0.0,406497.0,-18%,Europe,,
2020-01-01,India,2851268.0,543178.0,3394446.0,-25%,Asia,,
2020-01-01,Indonesia,551400.0,139886.0,691286.0,-46%,Asia,,
2020-01-01,Iran,826210.0,54787.0,880997.0,7%,Asia,,
2020-01-01,Italy,451826.0,325339.0,777165.0,-15%,Europe,,
2020-01-01,Japan,6960025.0,1107532.0,8067557.0,-17%,Asia,,
2020-01-01,Kazakhstan,64790.0,10041.0,74831.0,51%,Asia,,
2020-01-01,Malaysia,457755.0,27431.0,485186.0,-15%,Asia,,
2020-01-01,Morocco,221299.0,27131.0,248430.0,-38%,Africa,,
2020-01-01,Mexico,967479.0,2209121.0,3176600.0,-21%,North America,,
2020-01-01,Poland,278900.0,172482.0,451382.0,-31%,Europe,,
2020-01-01,Portugal,211281.0,52955.0,264236.0,-24%,Europe,,
2020-01-01,Romania,438107.0,0.0,438107.0,-11%,Europe,,
2020-01-01,Russia,1260517.0,174818.0,1435335.0,-17%,Europe,,
2020-01-01,Serbia,23272.0,103.0,23375.0,-33%,Europe,,
2020-01-01,Slovakia,985000.0,0.0,985000.0,-11%,Europe,,
2020-01-01,Slovenia,141714.0,0.0,141714.0,-29%,Europe,,
2020-01-01,South africa,238216.0,209002.0,447218.0,-29%,Africa,,
2020-01-01,South korea,3211706.0,295068.0,3506774.0,-11%,Asia,,
2020-01-01,Spain,1800664.0,467521.0,2268185.0,-20%,Europe,,
2020-01-01,Taiwan,180967.0,64648.0,245615.0,-2%,Asia,,
2020-01-01,Thailand,537633.0,889441.0,1427074.0,-29%,Asia,,
2020-01-01,Turkey,855043.0,442835.0,1297878.0,-11%,Asia,,
2020-01-01,Ukraine,4202.0,750.0,4952.0,-32%,Europe,,
2020-01-01,United kingdom,920928.0,66116.0,987044.0,-29%,Europe,,
2020-01-01,Usa,1926795.0,6895604.0,8822399.0,-19%,North America,,
2020-01-01,Uzbekistan,280080.0,0.0,280080.0,3%,Asia,,
2020-01-01,Others,709633.0,109475.0,819108.0,0%,Other,,
2020-01-01,Total,55834456.0,21787126.0,77621582.0,-16%,Entire World,,
2021-01-01,Argentina,184106.0,250647.0,434753.0,69%,South America,,
2021-01-01,Austria,124700.0,12000.0,136700.0,9%,Europe,,
2021-01-01,Belgium,224180.0,36858.0,261038.0,-2%,Europe,,
2021-01-01,Brazil,1707851.0,540402.0,2248253.0,12%,South America,,
2021-01-01,Canada,288235.0,826767.0,1115002.0,-19%,North America,,
2021-01-01,China,21407962.0,4674258.0,26082220.0,3%,Asia,,
2021-01-01,Czech republic,1105223.0,6209.0,1111432.0,-4%,Europe,,
2021-01-01,Egypt,23754.0,0.0,23754.0,0%,Africa,,
2021-01-01,Finland,93172.0,0.0,93172.0,8%,Europe,,
2021-01-01,France,917907.0,433401.0,1351308.0,3%,Europe,,
2021-01-01,Germany,3096165.0,212527.0,3308692.0,-12%,Europe,,
2021-01-01,Hungary,394302.0,0.0,394302.0,-3%,Europe,,
2021-01-01,India,3631095.0,768017.0,4399112.0,30%,Asia,,
2021-01-01,Indonesia,889756.0,232211.0,1121967.0,63%,Asia,,
2021-01-01,Italy,442432.0,353424.0,795856.0,2%,Europe,,
2021-01-01,Japan,6619242.0,1227713.0,7846955.0,-3%,Asia,,
2021-01-01,Kazakhstan,80679.0,11738.0,92417.0,24%,Asia,,
2021-01-01,Malaysia,446431.0,35220.0,481651.0,-1%,Asia,,
2021-01-01,Morocco,338339.0,64668.0,403007.0,23%,Africa,,
2021-01-01,Mexico,708242.0,2437411.0,3145653.0,-1%,North America,,
2021-01-01,Poland,260800.0,178621.0,439421.0,-3%,Europe,,
2021-01-01,Portugal,229221.0,60733.0,289954.0,10%,Europe,,
2021-01-01,Romania,420755.0,0.0,420755.0,-4%,Europe,,
2021-01-01,Russia,1352740.0,213577.0,1566317.0,9%,Europe,,
2021-01-01,Serbia,21109.0,154.0,21263.0,-9%,Europe,,
2021-01-01,Slovakia,1000000.0,0.0,1000000.0,1%,Europe,,
2021-01-01,Slovenia,95797.0,0.0,95797.0,-32%,Europe,,
2021-01-01,South africa,239267.0,259820.0,499087.0,12%,Africa,,
2021-01-01,South korea,3162727.0,299677.0,3462404.0,-1%,Asia,,
2021-01-01,Spain,1662174.0,435959.0,2098133.0,-8%,Europe,,
2021-01-01,Taiwan,196749.0,68571.0,265320.0,8%,Asia,,
2021-01-01,Thailand,594690.0,1091015.0,1685705.0,18%,Asia,,
2021-01-01,Turkey,782835.0,493305.0,1276140.0,-2%,Asia,,
2021-01-01,Ukraine,7342.0,811.0,8153.0,65%,Europe,,
2021-01-01,United kingdom,859575.0,72913.0,932488.0,-6%,Europe,,
2021-01-01,Usa,1563060.0,7604154.0,9167214.0,4%,North America,,
2021-01-01,Uzbekistan,236667.0,4982.0,241649.0,-15%,Asia,,
2021-01-01,Others,1645014.0,183930.0,1828944.0,0%,Other,,
2021-01-01,Total,57054295.0,23091693.0,80145988.0,3%,Entire World,,
2022-01-01,Argentina,257505.0,279388.0,536893.0,24%,South America,,
2022-01-01,Austria,107500.0,0.0,107500.0,-21%,Europe,,
2022-01-01,Belgium,232100.0,44454.0,276554.0,6%,Europe,,
2022-01-01,Brazil,1824833.0,544936.0,2369769.0,5%,South America,,
2022-01-01,Canada,289371.0,939364.0,1228735.0,10%,North America,,
2022-01-01,China,23836083.0,3184532.0,27020615.0,3%,Asia,,
2022-01-01,Czech republic,1217787.0,6669.0,1224456.0,10%,Europe,,
2022-01-01,Finland,73044.0,0.0,73044.0,-15%,Europe,,
2022-01-01,France,1010466.0,372707.0,1383173.0,2%,Europe,,
2022-01-01,Germany,3480357.0,197463.0,3677820.0,11%,Europe,,
2022-01-01,Hungary,441729.0,0.0,441729.0,6%,Europe,,
2022-01-01,India,4439039.0,1017818.0,5456857.0,24%,Asia,,
2022-01-01,Indonesia,1214250.0,255896.0,1470146.0,31%,Asia,,
2022-01-01,Italy,473194.0,323200.0,796394.0,0%,Europe,,
2022-01-01,Japan,6566356.0,1269163.0,7835519.0,0%,Asia,,
2022-01-01,Kazakhstan,103345.0,9195.0,112540.0,22%,Asia,,
2022-01-01,Malaysia,650190.0,52085.0,702275.0,46%,Asia,,
2022-01-01,Morocco,404742.0,60122.0,464864.0,15%,Africa,,
2022-01-01,Mexico,658001.0,2851071.0,3509072.0,10%,North America,,
2022-01-01,Poland,255100.0,228740.0,483840.0,10%,Europe,,
2022-01-01,Portugal,256018.0,66386.0,322404.0,11%,Europe,,
2022-01-01,Romania,509465.0,0.0,509465.0,21%,Europe,,
2022-01-01,Russia,448897.0,159563.0,608460.0,-61%,Europe,,
2022-01-01,Serbia,4358.0,140.0,4498.0,-79%,Europe,,
2022-01-01,Slovakia,1000000.0,0.0,1000000.0,-3%,Europe,,
2022-01-01,Slovenia,68130.0,0.0,68130.0,-29%,Europe,,
2022-01-01,South africa,309423.0,246466.0,555889.0,11%,Africa,,
2022-01-01,South korea,3438355.0,318694.0,3757049.0,9%,Asia,,
2022-01-01,Spain,1785432.0,434030.0,2219462.0,6%,Europe,,
2022-01-01,Taiwan,191409.0,69854.0,261263.0,-2%,Asia,,
2022-01-01,Thailand,594057.0,1289458.0,1883515.0,12%,Asia,,
2022-01-01,Turkey,810889.0,541759.0,1352648.0,6%,Asia,,
2022-01-01,Ukraine,1490.0,0.0,1490.0,-82%,Europe,,
2022-01-01,United kingdom,775014.0,101600.0,876614.0,-6%,Europe,,
2022-01-01,Usa,1751736.0,8308603.0,10060339.0,10%,North America,,
2022-01-01,Uzbekistan,328118.0,5451.0,333569.0,38%,Asia,,
2022-01-01,Others,1790867.0,239271.0,2030138.0,0%,Other,,
2022-01-01,Total,61598650.0,23418078.0,85016728.0,6%,Entire World,,
2023-01-01,Argentina,304783.0,305942.0,610725.0,14%,South America,,
2023-01-01,Austria,102291.0,11900.0,114191.0,-6%,Europe,,
2023-01-01,Belgium,285159.0,46944.0,332103.0,16%,Europe,,
2023-01-01,Brazil,1781612.0,543226.0,2324838.0,-2%,South America,,
2023-01-01,Canada,376888.0,1176138.0,1553026.0,26%,North America,,
2023-01-01,China,26123757.0,4037209.0,30160966.0,12%,Asia,,
2023-01-01,Czech republic,1397816.0,6685.0,1404501.0,15%,Europe,,
2023-01-01,Finland,30191.0,0.0,30191.0,-59%,Europe,,
2023-01-01,France,1026690.0,478386.0,1505076.0,9%,Europe,,
2023-01-01,Germany,4109371.0,0.0,4109371.0,18%,Europe,,
2023-01-01,Hungary,507225.0,0.0,507225.0,15%,Europe,,
2023-01-01,India,4783628.0,1067879.0,5851507.0,7%,Asia,,
2023-01-01,Indonesia,1180355.0,215362.0,1395717.0,-5%,Asia,,
2023-01-01,Italy,541953.0,338132.0,880085.0,11%,Europe,,
2023-01-01,Japan,7765428.0,1232012.0,8997440.0,15%,Asia,,
2023-01-01,Kazakhstan,134054.0,12935.0,146989.0,30%,Asia,,
2023-01-01,Malaysia,724891.0,49709.0,774600.0,10%,Asia,,
2023-01-01,Morocco,471950.0,63875.0,535825.0,15%,Africa,,
2023-01-01,Mexico,903753.0,3098294.0,4002047.0,14%,North America,,
2023-01-01,Poland,299300.0,313582.0,612882.0,27%,Europe,,
2023-01-01,Portugal,243201.0,75030.0,318231.0,-1%,Europe,,
2023-01-01,Romania,513050.0,0.0,513050.0,1%,Europe,,
2023-01-01,Russia,526439.0,203425.0,729864.0,20%,Europe,,
2023-01-01,Slovakia,1080000.0,0.0,1080000.0,10%,Europe,,
2023-01-01,Slovenia,60881.0,0.0,60881.0,-11%,Europe,,
2023-01-01,South africa,336980.0,296357.0,633337.0,14%,Africa,,
2023-01-01,South korea,3908747.0,334850.0,4243597.0,13%,Asia,,
2023-01-01,Spain,1907050.0,544171.0,2451221.0,10%,Europe,,
2023-01-01,Taiwan,221329.0,64633.0,285962.0,10%,Asia,,
2023-01-01,Thailand,580857.0,1260806.0,1841663.0,-2%,Asia,,
2023-01-01,Turkey,952667.0,515726.0,1468393.0,9%,Asia,,
2023-01-01,Ukraine,1993.0,0.0,1993.0,34%,Europe,,
2023-01-01,United kingdom,905117.0,120357.0,1025474.0,17%,Europe,,
2023-01-01,Usa,1745171.0,8866384.0,10611555.0,6%,North America,,
2023-01-01,Uzbekistan,421414.0,4462.0,425876.0,25%,Asia,,
2023-01-01,Others,877579.0,1128618.0,2006197.0,0%,Other,,
2023-01-01,Total,67133570.0,26413029.0,93546599.0,10%,Entire World,,
2023-12-31,Argentina,,,636871.8512295745,,,430707.5657519322,843036.1367072169
2024-12-31,Argentina,,,617622.3106718299,,,290046.8195909048,945197.801752755
2025-12-31,Argentina,,,644675.4371880112,,,249415.86878082546,1039935.005595197
2026-12-31,Argentina,,,640907.152583128,,,181558.77719841455,1100255.5279678414
2027-12-31,Argentina,,,657953.1983054266,,,139645.4725533733,1176260.92405748
2028-12-31,Argentina,,,659630.8651247025,,,95930.19507890544,1223331.5351704995
2029-12-31,Argentina,,,661960.4397716485,,,47613.2037610258,1276307.6757822712
2030-12-31,Argentina,,,687534.2233214944,,,33352.446684554685,1341715.9999584341
2031-12-31,Argentina,,,689403.4235374812,,,-6214.9132525126915,1385021.7603274751
2032-12-31,Argentina,,,672929.8922354262,,,-60936.47803307825,1406796.2625039308
2017-12-31,Australia,,,95875.82536015555,,,19036.295049143562,172715.35567116755
2018-12-31,Australia,,,82347.98588770996,,,-19052.968845481155,183748.94062090106
2019-12-31,Australia,,,72532.10769564308,,,-56859.35465395116,201923.5700452373
2020-12-31,Australia,,,68186.34809242727,,,-92436.93710714814,228809.6332920027
2021-12-31,Australia,,,70842.01020270484,,,-119124.05742424482,260808.0778296545
2022-12-31,Australia,,,71977.12825385582,,,-143117.75927331555,287072.01578102715
2023-12-31,Australia,,,78320.45935045028,,,-158136.412559862,314777.3312607625
2024-12-31,Australia,,,77765.16140803238,,,-177568.53259283915,333098.8554089039
2025-12-31,Australia,,,77002.94299615893,,,-195739.49382491715,349745.37981723505
2026-12-31,Australia,,,77591.88261625096,,,-211616.4889515782,366800.2541840801
2023-12-31,Austria,,,135822.27230750956,,,60718.86666805984,210925.67794695927
2024-12-31,Austria,,,143576.82006771,,,50181.38247123762,236972.2576641824
2025-12-31,Austria,,,150357.8788729215,,,51163.796644596136,249551.96110124682
2026-12-31,Austria,,,154767.0809077397,,,55202.38565438124,254331.77616109815
2027-12-31,Austria,,,165503.66489610515,,,66960.68504493842,264046.6447472719
2028-12-31,Austria,,,166267.9803452738,,,68079.96418289078,264455.9965076568
2029-12-31,Austria,,,162097.62562545843,,,63166.25816071755,261028.9930901993
2030-12-31,Austria,,,156499.81677459282,,,56226.6502039754,256772.98334521026
2031-12-31,Austria,,,155738.05024477365,,,54188.9432588512,257287.15723069612
2032-12-31,Austria,,,147435.18733418378,,,45067.33928678298,249803.03538158457
2023-12-31,Belgium,,,388617.210166674,,,273542.7875783002,503691.63275504776
2024-12-31,Belgium,,,389525.5587093865,,,214563.02486558902,564488.092553184
2025-12-31,Belgium,,,375262.07792416547,,,160135.00511946547,590389.1507288655
2026-12-31,Belgium,,,375616.7807311821,,,133919.14495332728,617314.4165090369
2027-12-31,Belgium,,,382485.25991317193,,,118900.24732089712,646070.2725054468
2028-12-31,Belgium,,,387308.4390627822,,,100987.15255023172,673629.7255753328
2029-12-31,Belgium,,,385865.6614979398,,,75717.94184397481,696013.3811519048
2030-12-31,Belgium,,,377364.42506453115,,,44996.902085999085,709731.9480430633
2031-12-31,Belgium,,,374412.5271369624,,,22766.524765616166,726058.5295083086
2032-12-31,Belgium,,,373487.6094134255,,,4513.052290527732,742462.1665363233
2023-12-31,Brazil,,,2085202.6498165433,,,1365071.5568628588,2805333.7427702276
2024-12-31,Brazil,,,2026149.208341405,,,964706.1479312785,3087592.268751532
2025-12-31,Brazil,,,2236608.27008415,,,925738.2434077323,3547478.296760568
2026-12-31,Brazil,,,2349463.81397261,,,858730.2926468512,3840197.3352983687
2027-12-31,Brazil,,,2187994.515291925,,,538578.1283389688,3837410.9022448813
2028-12-31,Brazil,,,2042567.8303972192,,,225256.81806902634,3859878.842725412
2029-12-31,Brazil,,,2163035.2612558724,,,185616.05372805498,4140454.4687836897
2030-12-31,Brazil,,,2297852.0978670386,,,190593.7917359532,4405110.4039981235
2031-12-31,Brazil,,,2237644.9574718038,,,16983.235465636943,4458306.679477971
2032-12-31,Brazil,,,2067897.6529567563,,,-273964.81982681993,4409760.1257403325
2023-12-31,Canada,,,1672298.040886738,,,1106463.8927759114,2238132.188997565
2024-12-31,Canada,,,1658697.040549641,,,908575.9418020338,2408818.1392972483
2025-12-31,Canada,,,1654604.8647322762,,,759088.4236263094,2550121.305838243
2026-12-31,Canada,,,1638064.8906745831,,,636843.2382505339,2639286.5430986322
2027-12-31,Canada,,,1653347.7866874333,,,562902.8955879584,2743792.677786908
2028-12-31,Canada,,,1625338.1515614914,,,462485.0076034276,2788191.295519555
2029-12-31,Canada,,,1590510.7426331756,,,365339.1664562514,2815682.3188100997
2030-12-31,Canada,,,1573097.5969444055,,,294952.12480382365,2851243.069084987
2031-12-31,Canada,,,1468065.3369119468,,,143698.59290281706,2792432.0809210762
2032-12-31,Canada,,,1405786.132888371,,,41163.9686156963,2770408.2971610455
2023-12-31,China,,,32116157.243140902,,,28434449.70226624,35797864.784015566
2024-12-31,China,,,32686744.440171983,,,25513759.66404561,39859729.21629836
2025-12-31,China,,,33667653.73317304,,,24246344.89662872,43088962.56971736
2026-12-31,China,,,34686497.688104756,,,23157194.309023224,46215801.06718629
2027-12-31,China,,,35340305.98982035,,,21832679.97379691,48847932.005843796
2028-12-31,China,,,36301754.254206955,,,20872512.872511268,51730995.63590264
2029-12-31,China,,,37544120.05284197,,,20227049.22354472,54861190.88213922
2030-12-31,China,,,38889061.28726177,,,19701036.634334877,58077085.94018866
2031-12-31,China,,,39978874.114068195,,,18927055.004013594,61030693.22412279
2032-12-31,China,,,41029542.54451132,,,18114563.278584823,63944521.81043781
2019-12-31,Czechia,,,1507093.8810457718,,,1395952.571801195,1618235.1902903486
2020-12-31,Czechia,,,1572354.1103192035,,,1410872.423663202,1733835.796975205
2021-12-31,Czechia,,,1618425.4575599926,,,1415756.446567138,1821094.4685528472
2022-12-31,Czechia,,,1656124.0334969594,,,1416447.953183294,1895800.1138106247
2023-12-31,Czechia,,,1827707.3124313967,,,1557738.8590024726,2097675.765860321
2024-12-31,Czechia,,,1899658.0894868781,,,1601136.6308320567,2198179.5481416993
2025-12-31,Czechia,,,1924291.5948412826,,,1598586.6101079225,2249996.5795746427
2026-12-31,Czechia,,,1968829.5593046965,,,1616910.8892804543,2320748.2293289388
2027-12-31,Czechia,,,2016802.681525069,,,1639514.4644167512,2394090.898633387
2028-12-31,Czechia,,,2095178.916828726,,,1693133.7287130563,2497224.1049443954
2021-12-31,Egypt,,,28286.584365134942,,,-11431.858518277557,68005.02724854744
2022-12-31,Egypt,,,27570.762556412326,,,-24393.77421170608,79535.29932453073
2023-12-31,Egypt,,,49294.12682018665,,,-11958.723383473756,110546.97702384705
2024-12-31,Egypt,,,45887.8443068306,,,-21221.227409305655,112996.91602296685
2025-12-31,Egypt,,,53186.570525475174,,,-19208.332309200872,125581.47336015123
2026-12-31,Egypt,,,44599.329237692466,,,-31292.149161257097,120490.80763664203
2027-12-31,Egypt,,,55619.79108847809,,,-23747.85604358767,134987.43822054385
2028-12-31,Egypt,,,45535.34562024861,,,-36139.486339855735,127210.17758035296
2029-12-31,Egypt,,,47675.253977234606,,,-36486.500932067225,131837.00888653644
2030-12-31,Egypt,,,53116.98104419408,,,-32674.15081000347,138908.1128983916
2023-12-31,Finland,,,24213.85956148665,,,-15877.981540945664,64305.700663918964
2024-12-31,Finland,,,28146.12183160612,,,-37110.443955161885,93402.68761837413
2025-12-31,Finland,,,33027.96621612891,,,-48307.91926221189,114363.85169446972
2026-12-31,Finland,,,35435.232360896196,,,-56615.45342215822,127485.9181439506
2027-12-31,Finland,,,36538.34624782087,,,-68130.98644670358,141207.67894234532
2028-12-31,Finland,,,40731.51536097918,,,-74366.94198048481,155829.9727024432
2029-12-31,Finland,,,41550.249205039494,,,-81975.63565941938,165076.13406949837
2030-12-31,Finland,,,43931.810862338214,,,-88886.01067835496,176749.6324030314
2031-12-31,Finland,,,40047.96526878582,,,-101018.44299338791,181114.37353095954
2032-12-31,Finland,,,40592.87915821,,,-107737.14849180367,188922.9068082237
2023-12-31,France,,,1647193.4187502533,,,1084778.7693337924,2209608.068166714
2024-12-31,France,,,1666991.8389449865,,,827041.0004720988,2506942.6774178743
2025-12-31,France,,,1662682.5298754843,,,618728.6894034445,2706636.370347524
2026-12-31,France,,,1656162.8804069671,,,440722.5054878914,2871603.255326043
2027-12-31,France,,,1652397.751914046,,,286864.9660094932,3017930.5378185986
2028-12-31,France,,,1641368.2869806981,,,140635.4383377724,3142101.1356236236
2029-12-31,France,,,1626115.831795691,,,1393.8794722096063,3250837.7841191725
2030-12-31,France,,,1624020.742262505,,,-115878.66026839358,3363920.1447934033
2031-12-31,France,,,1651088.7058690188,,,-196823.30776767177,3499000.7195057096
2032-12-31,France,,,1630952.0049706367,,,-318999.3596091161,3580903.3695503892
2023-12-31,Germany,,,4386622.359827069,,,3608983.3055025083,5164261.414151629
2024-12-31,Germany,,,4347755.595191926,,,3211317.5875078863,5484193.602875965
2025-12-31,Germany,,,4295858.710121038,,,2915918.6136344927,5675798.806607584
2026-12-31,Germany,,,4254681.402854816,,,2664858.7661012597,5844504.039608372
2027-12-31,Germany,,,4225149.625029897,,,2459463.7542357114,5990835.495824084
2028-12-31,Germany,,,4226423.981903047,,,2303197.546089478,6149650.417716617
2029-12-31,Germany,,,4230963.940120917,,,2167219.009458587,6294708.870783247
2030-12-31,Germany,,,4245935.54269252,,,2053769.100870838,6438101.984514201
2031-12-31,Germany,,,4265752.860848459,,,1955888.0464719255,6575617.675224993
2032-12-31,Germany,,,4217623.947260826,,,1798733.5389963114,6636514.355525341
2023-12-31,Hungary,,,510701.63398640195,,,382063.8028244328,639339.4651483712
2024-12-31,Hungary,,,505864.0523745579,,,318247.9669523111,693480.1377968047
2025-12-31,Hungary,,,490227.2373660778,,,260079.93737940874,720374.5373527468
2026-12-31,Hungary,,,473864.90322958934,,,213860.49646264056,733869.3099965381
2027-12-31,Hungary,,,469353.3541485603,,,188108.6771504014,750598.0311467192
2028-12-31,Hungary,,,506970.008371548,,,208233.0976306236,805706.9191124724
2029-12-31,Hungary,,,529594.7399619522,,,212773.78324532975,846415.6966785747
2030-12-31,Hungary,,,569324.1695692127,,,231222.93821374874,907425.4009246767
2031-12-31,Hungary,,,542770.5108154636,,,180419.73931151506,905121.2823194121
2032-12-31,Hungary,,,509990.6133559812,,,123304.88457845437,896676.3421335081
2023-12-31,India,,,5792132.734272792,,,4842151.474806793,6742113.993738791
2024-12-31,India,,,5605460.880542632,,,3956736.648670504,7254185.1124147605
2025-12-31,India,,,5601384.634520701,,,3570390.7157316185,7632378.553309783
2026-12-31,India,,,5719702.8120633075,,,3445431.071280681,7993974.552845934
2027-12-31,India,,,5830474.400292589,,,3329021.9429637995,8331926.857621379
2028-12-31,India,,,5914005.052990731,,,3182151.5147694796,8645858.591211982
2029-12-31,India,,,6028906.6998635195,,,3082402.0423151697,8975411.357411869
2030-12-31,India,,,5801522.007726785,,,2660908.1201974987,8942135.89525607
2031-12-31,India,,,5422650.610011364,,,2101038.0869233347,8744263.133099394
2032-12-31,India,,,5748147.897931699,,,2253556.15247123,9242739.643392168
2023-12-31,Indonesia,,,1188343.1785199363,,,732763.5586033068,1643922.7984365658
2024-12-31,Indonesia,,,1216864.3967375662,,,676972.6092143549,1756756.1842607777
2025-12-31,Indonesia,,,1406926.0691350866,,,823535.6225921771,1990316.515677996
2026-12-31,Indonesia,,,1485847.7967569798,,,825965.199745102,2145730.3937688577
2027-12-31,Indonesia,,,1416097.929696653,,,635418.7529912122,2196777.106402094
2028-12-31,Indonesia,,,1286768.3927652792,,,402146.2674665102,2171390.518064048
2029-12-31,Indonesia,,,1290570.6933377548,,,346445.44857223425,2234695.9381032754
2030-12-31,Indonesia,,,1367325.6509845038,,,383358.8280447917,2351292.473924216
2031-12-31,Indonesia,,,1356345.6598369528,,,324090.8595964931,2388600.4600774124
2032-12-31,Indonesia,,,1391771.7478302787,,,293435.3552577619,2490108.1404027957
2020-12-31,Iran,,,771704.4177973656,,,310752.14747805917,1232656.688116672
2021-12-31,Iran,,,783953.0809331596,,,-46137.23073106306,1614043.3925973822
2022-12-31,Iran,,,840198.0854513772,,,-118007.380988747,1798403.5518915015
2023-12-31,Iran,,,776340.7456636966,,,-320567.5361689391,1873249.0274963323
2024-12-31,Iran,,,788610.3307786228,,,-464813.8390930097,2042034.5006502552
2025-12-31,Iran,,,810638.3384115162,,,-542864.6935938433,2164141.3704168755
2026-12-31,Iran,,,784858.4949761593,,,-677487.2211823302,2247204.211134649
2027-12-31,Iran,,,799079.8157236829,,,-770686.3667020939,2368845.9981494597
2028-12-31,Iran,,,807788.908058474,,,-849378.4234957333,2464956.2396126813
2029-12-31,Iran,,,791822.9981333122,,,-956205.7255789742,2539851.721845599
2023-12-31,Italy,,,1013422.0367249211,,,810931.9640619683,1215912.109387874
2024-12-31,Italy,,,1011572.7469795963,,,764242.3019741955,1258903.1919849971
2025-12-31,Italy,,,1003399.0004311833,,,741474.6250373033,1265323.375825063
2026-12-31,Italy,,,976712.4221005243,,,712487.3950894952,1240937.4491115534
2027-12-31,Italy,,,960635.9634383107,,,698020.1745029306,1223251.7523736907
2028-12-31,Italy,,,953428.562040912,,,692432.6108310008,1214424.5132508231
2029-12-31,Italy,,,974108.8840959886,,,713525.9139775482,1234691.854214429
2030-12-31,Italy,,,994427.6123762948,,,733229.5399201979,1255625.6848323916
2031-12-31,Italy,,,994420.2174411383,,,732198.2304777729,1256642.2044045038
2032-12-31,Italy,,,990085.9869052833,,,726955.2920357499,1253216.6817748167
2023-12-31,Japan,,,8365213.995371582,,,6151698.136528241,10578729.854214922
2024-12-31,Japan,,,8383209.85497564,,,5378667.559737999,11387752.15021328
2025-12-31,Japan,,,8225557.0704762135,,,4554910.208880195,11896203.932072232
2026-12-31,Japan,,,8165960.981705208,,,4002040.880974408,12329881.082436008
2027-12-31,Japan,,,8023882.9475211715,,,3398020.9276071144,12649744.96743523
2028-12-31,Japan,,,8071915.062084005,,,3070426.2191003794,13073403.90506763
2029-12-31,Japan,,,7939644.73662288,,,2578377.706124665,13300911.767121095
2030-12-31,Japan,,,7907310.971918425,,,2239180.631272454,13575441.312564395
2031-12-31,Japan,,,7601740.984372404,,,1637867.7323356494,13565614.23640916
2032-12-31,Japan,,,7780303.779331649,,,1556351.620558994,14004255.938104304
2023-12-31,Malaysia,,,716022.9770480794,,,573290.4731349763,858755.4809611824
2024-12-31,Malaysia,,,675388.97602922,,,480083.3880433081,870694.5640151319
2025-12-31,Malaysia,,,716830.4260531643,,,486233.84388783353,947427.0082184951
2026-12-31,Malaysia,,,772364.1822475413,,,508293.74205417937,1036434.6224409032
2027-12-31,Malaysia,,,738674.0895427656,,,439346.61971794534,1038001.5593675859
2028-12-31,Malaysia,,,673460.0959154619,,,343470.88578695117,1003449.3060439726
2029-12-31,Malaysia,,,687401.361757227,,,334204.35603217443,1040598.3674822795
2030-12-31,Malaysia,,,750554.5788288265,,,376123.97975045827,1124985.177907195
2031-12-31,Malaysia,,,756057.1582747094,,,357598.9350713865,1154515.381478032
2032-12-31,Malaysia,,,699456.8337941988,,,276511.5778417453,1122402.0897466524
2023-12-31,Mexico,,,4202625.927998945,,,3410901.574155681,4994350.281842209
2024-12-31,Mexico,,,4190905.365780057,,,2983838.2487331955,5397972.482826918
2025-12-31,Mexico,,,4251891.814883118,,,2670374.564163735,5833409.0656025
2026-12-31,Mexico,,,4287506.014653801,,,2491479.9159907997,6083532.113316802
2027-12-31,Mexico,,,4285472.745464401,,,2268161.1345315543,6302784.356397249
2028-12-31,Mexico,,,4387268.698694619,,,2146125.316583478,6628412.080805761
2029-12-31,Mexico,,,4418744.863712691,,,2009607.2823676663,6827882.445057715
2030-12-31,Mexico,,,4395494.841031852,,,1816000.6370863253,6974989.044977379
2031-12-31,Mexico,,,4240228.164814124,,,1490678.5316327275,6989777.797995521
2032-12-31,Mexico,,,4195997.730405972,,,1302339.1978141493,7089656.262997795
2017-12-31,Netherlands,,,152051.3842340231,,,74610.91732086976,229491.85114717647
2018-12-31,Netherlands,,,148905.56959288733,,,44549.1519803742,253261.98720540048
2019-12-31,Netherlands,,,155818.19774876343,,,28476.307079443504,283160.0884180834
2020-12-31,Netherlands,,,173670.94918458315,,,22957.113316925737,324384.7850522406
2021-12-31,Netherlands,,,168060.21357354836,,,-2657.1245794088754,338777.5517265056
2022-12-31,Netherlands,,,163245.80157395752,,,-22572.206539166684,349063.8096870817
2023-12-31,Netherlands,,,188110.54085749417,,,-11053.82355103406,387274.9052660224
2024-12-31,Netherlands,,,195687.1418226561,,,-17788.061572389997,409162.3452177022
2025-12-31,Netherlands,,,196309.95604957562,,,-31603.117938336538,424223.03003748774
2026-12-31,Netherlands,,,188557.6959793667,,,-51757.39394513136,428872.7859038648
2023-12-31,Poland,,,573555.4862994769,,,398413.1506595684,748697.8219393855
2024-12-31,Poland,,,652102.0712721472,,,414100.35969994793,890103.7828443465
2025-12-31,Poland,,,662148.2414005817,,,362477.63448754145,961818.848313622
2026-12-31,Poland,,,646252.8191098651,,,301574.56159822515,990931.0766215051
2027-12-31,Poland,,,570149.8758414994,,,177169.17327383632,963130.5784091626
2028-12-31,Poland,,,580869.7977921766,,,149100.08743722423,1012639.508147129
2029-12-31,Poland,,,566786.5839232289,,,92955.73047457542,1040617.4373718824
2030-12-31,Poland,,,571076.9056526576,,,61709.43292688398,1080444.3783784313
2031-12-31,Poland,,,611396.2729377013,,,63683.58637683338,1159108.9594985694
2032-12-31,Poland,,,655406.9512522761,,,74173.19372392399,1236640.7087806282
2023-12-31,Portugal,,,303432.36206118896,,,220000.65534804924,386864.0687743287
2024-12-31,Portugal,,,314079.3616102153,,,191947.1165430318,436211.6066773988
2025-12-31,Portugal,,,328389.1080446436,,,178736.9242652618,478041.2918240254
2026-12-31,Portugal,,,314151.7213379344,,,143533.6330716826,484769.80960418616
2027-12-31,Portugal,,,306605.2813292937,,,115429.03507971208,497781.5275788753
2028-12-31,Portugal,,,320245.7800191395,,,109369.36138559869,531122.1986526804
2029-12-31,Portugal,,,308251.58778807626,,,81307.42703274314,535195.7485434094
2030-12-31,Portugal,,,284101.35854287836,,,42423.700448995165,525779.0166367616
2031-12-31,Portugal,,,298270.84308213496,,,40956.40293773339,555585.2832265366
2032-12-31,Portugal,,,310372.0707232931,,,38706.52013147558,582037.6213151107
2023-12-31,Romania,,,511039.469218598,,,430470.0438429589,591608.8945942371
2024-12-31,Romania,,,540067.1712467794,,,410675.7186979322,669458.6237956266
2025-12-31,Romania,,,545951.8440234911,,,387815.39196246426,704088.2960845181
2026-12-31,Romania,,,567329.568153972,,,378422.7905819606,756236.3457259835
2027-12-31,Romania,,,576667.3571106938,,,363462.79053694324,789871.9236844444
2028-12-31,Romania,,,594184.7193519049,,,355747.8543172538,832621.5843865561
2029-12-31,Romania,,,609183.4992619223,,,348489.7633332643,869877.2351905804
2030-12-31,Romania,,,626175.1542505776,,,342910.3673805352,909439.9411206199
2031-12-31,Romania,,,638614.718537184,,,334328.82315313345,942900.6139212344
2032-12-31,Romania,,,653591.3639324349,,,328251.5679083145,978931.1599565553
2023-12-31,Russia,,,992120.8833517309,,,187454.77958743356,1796786.987116028
2024-12-31,Russia,,,1144755.7963825646,,,7666.905096461531,2281844.6876686676
2025-12-31,Russia,,,1044996.6237955336,,,-296503.14882223704,2386496.396413304
2026-12-31,Russia,,,880717.0965964635,,,-597792.5320907404,2359226.7252836674
2027-12-31,Russia,,,760027.1927549622,,,-841772.2789997626,2361826.664509687
2028-12-31,Russia,,,858913.0444566726,,,-889077.7841220172,2606903.8730353625
2029-12-31,Russia,,,1117914.9141513815,,,-801087.6689043741,3036917.497207137
2030-12-31,Russia,,,1295736.6627191824,,,-784025.077405859,3375498.402844224
2031-12-31,Russia,,,1232337.6085959948,,,-969337.5745929591,3434012.7917849487
2032-12-31,Russia,,,862149.4691980861,,,-1428988.74945488,3153287.687851052
2022-12-31,Serbia,,,2587.612647279824,,,-53854.8634048948,59030.088699454456
2023-12-31,Serbia,,,6760.698057655166,,,-73085.3601385501,86606.75625386044
2024-12-31,Serbia,,,2397.813017452723,,,-91242.61913130619,96038.24516621162
2025-12-31,Serbia,,,-176.88204354352274,,,-106394.3854119874,106040.62132490036
2026-12-31,Serbia,,,731.893538187974,,,-119025.9763919196,120489.76346829554
2027-12-31,Serbia,,,3126.058166896142,,,-128079.18166172583,134331.2979955181
2028-12-31,Serbia,,,2834.5951257368056,,,-137644.22939565338,143313.419647127
2029-12-31,Serbia,,,2486.285767519708,,,-147299.26031681825,152271.83185185766
2030-12-31,Serbia,,,4038.448789130177,,,-155219.75393734942,163296.65151560976
2031-12-31,Serbia,,,5643.659831511983,,,-162041.2975154562,173328.61717848017
2023-12-31,Slovakia,,,1207418.096772901,,,1039032.3285241136,1375803.8650216884
2024-12-31,Slovakia,,,1239765.5934385546,,,983891.8983202813,1495639.2885568277
2025-12-31,Slovakia,,,1252528.4779681247,,,939645.633124229,1565411.3228120203
2026-12-31,Slovakia,,,1280647.6030616972,,,910770.4608048212,1650524.7453185732
2027-12-31,Slovakia,,,1302577.5537179427,,,886650.5005306493,1718504.606905236
2028-12-31,Slovakia,,,1301348.3888949093,,,838638.8237057272,1764057.9540840914
2029-12-31,Slovakia,,,1350239.798318266,,,846423.8235473752,1854055.7730891567
2030-12-31,Slovakia,,,1385455.076259531,,,840110.6750054919,1930799.4775135703
2031-12-31,Slovakia,,,1355330.1335549525,,,771783.970223879,1938876.296886026
2032-12-31,Slovakia,,,1365068.8423169404,,,743174.6579895888,1986963.026644292
2023-12-31,Slovenia,,,72543.72342679916,,,18188.269470607294,126899.17738299102
2024-12-31,Slovenia,,,94269.15708375457,,,14104.1087736544,174434.20539385476
2025-12-31,Slovenia,,,112652.98439981737,,,10168.738985915988,215137.22981371876
2026-12-31,Slovenia,,,119579.36098899377,,,-2591.249240049423,241749.97121803695
2027-12-31,Slovenia,,,111386.02288104246,,,-27202.29540298281,249974.34116506774
2028-12-31,Slovenia,,,90903.4864935317,,,-60618.00515838459,242424.978145448
2029-12-31,Slovenia,,,71380.03204595121,,,-90287.96683346543,233048.03092536784
2030-12-31,Slovenia,,,62363.93481581208,,,-107925.59492562828,232653.46455725242
2031-12-31,Slovenia,,,69410.70040584638,,,-109249.08223335052,248070.48304504328
2032-12-31,Slovenia,,,87383.16357784407,,,-100318.96787561261,275085.29503130075
2023-12-31,South africa,,,629962.8915500558,,,492960.0773822487,766965.7057178629
2024-12-31,South africa,,,632789.0000385958,,,441097.9453301459,824480.0547470456
2025-12-31,South africa,,,630372.2324002202,,,394989.0665938607,865755.3982065797
2026-12-31,South africa,,,632192.5760253724,,,361072.25438146776,903312.8976692769
2027-12-31,South africa,,,630601.716889781,,,327147.8232939394,934055.6104856224
2028-12-31,South africa,,,632021.0405660215,,,299952.06807815074,964090.0130538922
2029-12-31,South africa,,,630794.8548641843,,,271923.9305940387,989665.7791343299
2030-12-31,South africa,,,631695.2958302228,,,248248.42614081007,1015142.1655196354
2031-12-31,South africa,,,631513.7029621302,,,224687.8311972801,1038339.5747269803
2032-12-31,South africa,,,632019.6812394779,,,203312.2904005063,1060727.0720784497
2023-12-31,South korea,,,4243410.3456872385,,,3708488.6709996997,4778332.020374777
2024-12-31,South korea,,,4265579.999561743,,,3511367.9217264196,5019792.077397066
2025-12-31,South korea,,,4270877.495975312,,,3332659.2439779327,5209095.7479726905
2026-12-31,South korea,,,4286110.604177426,,,3192506.1145395176,5379715.093815334
2027-12-31,South korea,,,4290743.322292868,,,3053292.457696951,5528194.186888785
2028-12-31,South korea,,,4300837.861664142,,,2931970.235333575,5669705.48799471
2029-12-31,South korea,,,4306799.461245122,,,2813309.407963219,5800289.514527026
2030-12-31,South korea,,,4314437.407478171,,,2703530.0169305084,5925344.798025834
2031-12-31,South korea,,,4317601.578448285,,,2594137.182261373,6041065.974635198
2032-12-31,South korea,,,4323665.185705424,,,2492542.944628547,6154787.426782302
2023-12-31,Spain,,,2340403.0425964915,,,1884812.786685546,2795993.298507437
2024-12-31,Spain,,,2385623.9513732973,,,1764463.4292909116,3006784.473455683
2025-12-31,Spain,,,2442845.8364400696,,,1680316.7416915535,3205374.9311885857
2026-12-31,Spain,,,2359036.6226618746,,,1463137.921749631,3254935.3235741183
2027-12-31,Spain,,,2288926.6048129797,,,1286936.9564293907,3290916.2531965687
2028-12-31,Spain,,,2357281.64233231,,,1268773.267544681,3445790.0171199385
2029-12-31,Spain,,,2406760.7990303333,,,1229571.8689573775,3583949.729103289
2030-12-31,Spain,,,2342285.198294884,,,1075902.211615379,3608668.184974389
2031-12-31,Spain,,,2348310.183386285,,,1006467.9825097835,3690152.3842627862
2032-12-31,Spain,,,2427609.5018811105,,,1018807.4186254395,3836411.5851367814
2017-12-31,Sweden,,,243088.2696109193,,,131432.09433961654,354744.44488222204
2018-12-31,Sweden,,,240161.06459090536,,,91711.90508518866,388610.2240966221
2019-12-31,Sweden,,,225447.55235619837,,,45197.35465985892,405697.7500525378
2020-12-31,Sweden,,,230527.3460889177,,,17488.686687308276,443566.00549052714
2021-12-31,Sweden,,,242501.13358679722,,,3869.317112278426,481132.950061316
2022-12-31,Sweden,,,235241.36823879438,,,-22966.56355617335,493449.3000337621
2023-12-31,Sweden,,,226125.52093096043,,,-52902.89531644987,505153.9371783707
2024-12-31,Sweden,,,234238.68854306443,,,-66502.27393026694,534979.6510163958
2025-12-31,Sweden,,,240639.47295358492,,,-77794.06304805889,559073.0089552287
2026-12-31,Sweden,,,232301.63980789937,,,-101588.37382663175,566191.6534424305
2023-12-31,Taiwan,,,240997.05490252638,,,171149.29111209663,310844.8186929561
2024-12-31,Taiwan,,,250764.80385413906,,,162237.88151667037,339291.72619160777
2025-12-31,Taiwan,,,246954.4985480368,,,143361.50426911976,350547.4928269538
2026-12-31,Taiwan,,,235898.51971235807,,,122203.14962503783,349593.88979967835
2027-12-31,Taiwan,,,223715.55775884728,,,101916.13786146413,345514.97765623045
2028-12-31,Taiwan,,,217817.6767718131,,,89836.29012252175,345799.06342110445
2029-12-31,Taiwan,,,226265.1430969987,,,93308.11774204031,359222.1684519571
2030-12-31,Taiwan,,,225992.99558438544,,,89088.9967497517,362896.9944190192
2031-12-31,Taiwan,,,234530.34526865167,,,94436.88355094948,374623.8069863538
2032-12-31,Taiwan,,,229226.14054089537,,,86607.88026651426,371844.4008152765
2023-12-31,Thailand,,,2177399.1016136203,,,1430180.227967653,2924617.9752595876
2024-12-31,Thailand,,,2125587.6304788496,,,1113902.970065495,3137272.2908922043
2025-12-31,Thailand,,,1938801.7912214985,,,583737.7652713747,3293865.817171622
2026-12-31,Thailand,,,1998386.0312471716,,,389078.0798944975,3607693.9825998456
2027-12-31,Thailand,,,2018905.7000222092,,,245311.74543827563,3792499.654606143
2028-12-31,Thailand,,,1988093.324022798,,,39629.713332217885,3936556.9347133785
2029-12-31,Thailand,,,2029927.0537386122,,,-100322.00956288399,4160176.1170401084
2030-12-31,Thailand,,,2016740.9686136318,,,-260763.9632633857,4294245.900490649
2031-12-31,Thailand,,,1875089.448547666,,,-535875.8741042987,4286054.771199631
2032-12-31,Thailand,,,1927289.5549966046,,,-622444.0915487772,4477023.201541986
2023-12-31,Turkey,,,1446093.1176799848,,,1166021.1808598414,1726165.0545001281
2024-12-31,Turkey,,,1494779.205738578,,,1103568.285247941,1885990.126229215
2025-12-31,Turkey,,,1510140.5523458852,,,1017613.0093523305,2002668.0953394398
2026-12-31,Turkey,,,1543175.646607963,,,968106.9171143041,2118244.3761016214
2027-12-31,Turkey,,,1552729.8632603441,,,895556.928198968,2209902.79832172
2028-12-31,Turkey,,,1592716.5015631162,,,862278.3065527963,2323154.6965734363
2029-12-31,Turkey,,,1593908.2375406944,,,789695.1305782984,2398121.3445030907
2030-12-31,Turkey,,,1604644.1223735781,,,731744.3727603626,2477543.871986794
2031-12-31,Turkey,,,1609076.5050218448,,,666993.4957108303,2551159.5143328593
2032-12-31,Turkey,,,1647722.471573764,,,639652.5304055633,2655792.4127419647
2023-12-31,Ukraine,,,4111.116977664442,,,-166641.78733733878,174864.02129266766
2024-12-31,Ukraine,,,4121.313881693388,,,-248424.6479652582,256667.27572864495
2025-12-31,Ukraine,,,5042.405340848506,,,-293023.76106085366,303108.57174255064
2026-12-31,Ukraine,,,6627.852880466704,,,-331108.14113406773,344363.8468950012
2027-12-31,Ukraine,,,6498.150234247275,,,-373434.8293816861,386431.12985018065
2028-12-31,Ukraine,,,5946.518856870916,,,-409806.97190601233,421700.0096197542
2029-12-31,Ukraine,,,6201.667584483941,,,-440030.46610869025,452433.8012776581
2030-12-31,Ukraine,,,6165.981815946098,,,-470342.46505487146,482674.4286867637
2031-12-31,Ukraine,,,6102.316083028062,,,-499567.5470965137,511772.17926256976
2032-12-31,Ukraine,,,6324.080778797426,,,-525821.2580828312,538469.419640426
2023-12-31,United kingdom,,,1029104.2868649183,,,610902.2743037423,1447306.2994260942
2024-12-31,United kingdom,,,1036375.8069635978,,,466196.3671899579,1606555.2467372376
2025-12-31,United kingdom,,,1020798.2847841454,,,294890.8778002347,1746705.6917680562
2026-12-31,United kingdom,,,1021834.3647508083,,,150623.38303627586,1893045.3464653408
2027-12-31,United kingdom,,,1042017.6891326578,,,66295.9054874971,2017739.4727778186
2028-12-31,United kingdom,,,1042978.0486504713,,,-14623.973739743233,2100580.0710406858
2029-12-31,United kingdom,,,1027026.1927136872,,,-116945.81628574594,2170998.2017131206
2030-12-31,United kingdom,,,1002994.0901363966,,,-231566.0194964403,2237554.1997692334
2031-12-31,United kingdom,,,977860.1004839045,,,-335093.82511170313,2290814.026079512
2032-12-31,United kingdom,,,985832.916670453,,,-393485.70458246954,2365151.5379233756
2023-12-31,Usa,,,10491449.892061763,,,8186622.194558475,12796277.58956505
2024-12-31,Usa,,,10380705.330352977,,,7176750.732184124,13584659.92852183
2025-12-31,Usa,,,10575380.336557295,,,6566459.171214583,14584301.501900006
2026-12-31,Usa,,,10819875.023985373,,,6222898.267105139,15416851.780865606
2027-12-31,Usa,,,10541270.518142097,,,5408841.942968805,15673699.093315389
2028-12-31,Usa,,,10596324.231967127,,,4935328.2252857555,16257320.238648498
2029-12-31,Usa,,,10623803.282650251,,,4541522.1196921505,16706084.445608351
2030-12-31,Usa,,,10385187.596742518,,,3870418.4948654016,16899956.698619634
2031-12-31,Usa,,,10372771.506635595,,,3448303.799089048,17297239.214182142
2032-12-31,Usa,,,10449987.37845263,,,3175286.740030851,17724688.01687441
2023-12-31,Uzbekistan,,,414293.1710495157,,,303678.372654982,524907.9694440494
2024-12-31,Uzbekistan,,,407469.35416673974,,,223201.52332787946,591737.1850056
2025-12-31,Uzbekistan,,,408882.2671622677,,,197596.27498582093,620168.2593387144
2026-12-31,Uzbekistan,,,396380.1794981869,,,160152.46339246162,632607.8956039122
2027-12-31,Uzbekistan,,,375814.2027608705,,,116849.6803189774,634778.7252027637
2028-12-31,Uzbekistan,,,386892.6711393662,,,107055.28158025403,666730.0606984785
2029-12-31,Uzbekistan,,,403974.1617051059,,,104717.12604473927,703231.1973654726
2030-12-31,Uzbekistan,,,414850.73633641744,,,97359.33430601028,732342.1383668246
2031-12-31,Uzbekistan,,,416808.2178839544,,,82074.29148381698,751542.1442840919
2032-12-31,Uzbekistan,,,408440.9699430768,,,57310.210718424,759571.7291677296
2023-12-31,Others,,,2153152.1888233777,,,1598604.26299159,2707700.1146551655
2024-12-31,Others,,,2012830.7950808618,,,1292168.3520842013,2733493.2380775223
2025-12-31,Others,,,1977063.685115186,,,927209.258721194,3026918.111509178
2026-12-31,Others,,,1977435.479650103,,,701064.2298467269,3253806.729453479
2027-12-31,Others,,,1950366.117833417,,,516288.98358304496,3384443.2520837886
2028-12-31,Others,,,1984948.600771346,,,398452.82725371816,3571444.3742889734
2029-12-31,Others,,,2059414.4079567855,,,328396.47055541095,3790432.3453581603
2030-12-31,Others,,,1890000.060364079,,,29090.221706597367,3750909.8990215603
2031-12-31,Others,,,1967796.5791835904,,,-13915.395491084317,3949508.5538582653
2032-12-31,Others,,,1689401.267140654,,,-407081.15334875486,3785883.687630063
2008-12-31,Supplementary,,,527634.0,,,527632.0400360154,527635.9599639846
2009-12-31,Supplementary,,,527634.0,,,527631.2281923513,527636.7718076487
2010-12-31,Supplementary,,,527634.0,,,527630.6052427978,527637.3947572022
2011-12-31,Supplementary,,,527634.0,,,527630.0800720309,527637.9199279691
2012-12-31,Supplementary,,,527634.0,,,527629.6173872971,527638.3826127029
2013-12-31,Supplementary,,,527634.0,,,527629.1990883236,527638.8009116764
2014-12-31,Supplementary,,,527634.0,,,527628.8144227182,527639.1855772818
2015-12-31,Supplementary,,,527634.0,,,527628.4563847026,527639.5436152974
2016-12-31,Supplementary,,,527634.0,,,527628.1201080463,527639.8798919537
2017-12-31,Supplementary,,,527634.0,,,527627.802049677,527640.197950323
2023-12-31,Total,,,92723323.07255542,,,79882862.86469841,105563783.28041244
2024-12-31,Total,,,85752810.04444641,,,67117322.57687078,104388297.51202203
2025-12-31,Total,,,81132029.76026765,,,58544105.732772626,103719953.78776267
2026-12-31,Total,,,83713963.858916,,,58304571.392531686,109123356.3253003
2027-12-31,Total,,,89749557.13313013,,,61896731.60262499,117602382.66363528
2028-12-31,Total,,,91445938.71015143,,,61030290.31369918,121861587.10660368
2029-12-31,Total,,,87943967.24196586,,,54841010.670113295,121046923.81381842
2030-12-31,Total,,,83153912.10568199,,,47596072.65746661,118711751.55389735
2031-12-31,Total,,,82607694.41975164,,,45020532.8711654,120194855.9683379
2032-12-31,Total,,,86317458.7073648,,,46967391.10346451,125667526.31126508
2023-12-31,Morocco,,,470386.307989917,,,308563.55275179853,632209.0632280355
2024-12-31,Morocco,,,397706.3689999543,,,177382.14725037452,618030.5907495341
2025-12-31,Morocco,,,407956.27037532785,,,156135.1385574291,659777.4021932266
2026-12-31,Morocco,,,485040.4989580068,,,207863.84152634128,762217.1563896723
2027-12-31,Morocco,,,530879.4189283431,,,222529.21073641424,839229.627120272
2028-12-31,Morocco,,,486057.0158114364,,,140068.2048979312,832045.8267249416
2029-12-31,Morocco,,,413311.51310572703,,,34669.508626345254,791953.5175851088
2030-12-31,Morocco,,,399088.69226206344,,,-1104.6428235578933,799282.0273476848
2031-12-31,Morocco,,,460082.8605133553,,,43124.012914759456,877041.7081119511
2032-12-31,Morocco,,,514287.97405486746,,,77651.8365482284,950924.1115615065
2018-12-31,Colombia,,,72800.00000000001,,,72798.04003601549,72801.95996398454
2019-12-31,Colombia,,,72800.00000000001,,,72797.22819235132,72802.7718076487
2020-12-31,Colombia,,,72800.00000000001,,,72796.60524279778,72803.39475720224
2021-12-31,Colombia,,,72800.00000000001,,,72796.08007203093,72803.9199279691
2022-12-31,Colombia,,,72800.00000000001,,,72795.61738729714,72804.38261270289
2023-12-31,Colombia,,,72800.00000000001,,,72795.19908832366,72804.80091167637
2024-12-31,Colombia,,,72800.00000000001,,,72794.81442271828,72805.18557728175
2025-12-31,Colombia,,,72800.00000000001,,,72794.45638470261,72805.54361529741
2026-12-31,Colombia,,,72800.00000000001,,,72794.1201080464,72805.87989195363
2027-12-31,Colombia,,,72800.00000000001,,,72793.80204967698,72806.19795032305
2023-12-31,Czech republic,,,1545779.3653791263,,,1399686.803531201,1691871.9272270515
2024-12-31,Czech republic,,,1636674.576413177,,,1438726.8167565032,1834622.3360698507
2025-12-31,Czech republic,,,1678180.1947168938,,,1431630.1794284706,1924730.210005317
2026-12-31,Czech republic,,,1684599.525800922,,,1385789.2320229963,1983409.8195788476
2027-12-31,Czech republic,,,1672523.888604469,,,1319349.868003922,2025697.9092050157
2028-12-31,Czech republic,,,1655013.8844948835,,,1248600.8187749735,2061426.9502147934
2029-12-31,Czech republic,,,1639878.581944617,,,1183680.2893884133,2096076.8745008206
2030-12-31,Czech republic,,,1630364.5085828565,,,1128778.9535233157,2131950.0636423975
2031-12-31,Czech republic,,,1623402.4881769575,,,1080736.3736182668,2166068.602735648
2032-12-31,Czech republic,,,1622762.5585015174,,,1042703.259393933,2202821.8576091016
2023-12-31,Kazakhstan,,,167236.1642338057,,,152465.98028736486,182006.34818024654
2024-12-31,Kazakhstan,,,192792.75184314628,,,169827.61153990478,215757.89214638778
2025-12-31,Kazakhstan,,,213114.46654336975,,,183579.19460989253,242649.73847684698
2026-12-31,Kazakhstan,,,238603.33765684752,,,202440.86981511075,274765.8054985843
2027-12-31,Kazakhstan,,,258964.1606486919,,,216780.0158297994,301148.3054675844
2028-12-31,Kazakhstan,,,284420.59530798724,,,236035.45159471463,332805.7390212599
2029-12-31,Kazakhstan,,,304785.69387934887,,,250565.74389817714,359005.6438605206
2030-12-31,Kazakhstan,,,330244.60218999244,,,270013.97866576153,390475.22571422334
2031-12-31,Kazakhstan,,,378943.51381657587,,,315517.05020122166,442369.9774319301
2032-12-31,Kazakhstan,,,399984.19765178225,,,333396.2150925792,466572.1802109853
